case_id,truth_id,truth_rms,snr_db,noise_repeat,method,initial_id,initial_rms,direction,loss,intensity_rms,wavefront_rms_error,max_coeff_error,truth_sign,equivalent_wavefront_rms_error,equivalent_max_coeff_error,equivalent_truth_sign,tilt_alias,historical_coeff_error_pm,strict_success,engineering_success,status,stopped_by_tolerance,n_iter,n_forward,n_jacobian,n_gradient,elapsed_seconds,precompute_seconds,standalone_seconds,truth_jacobian_rank,truth_jacobian_condition,fitted_Z2,fitted_Z3,fitted_Z4,fitted_Z5,fitted_Z6,fitted_Z7,fitted_Z8,fitted_Z9,fitted_Z10,fitted_Z11,fitted_Z12,fitted_Z13
0,0,0.01,,0,gd,0,0.03,0,3.817621339522008e-08,0.0002763194289050992,0.025474763357427314,0.03793041297368692,1,0.025474763357427314,0.03793041297368692,1,False,0.03793041297368692,False,False,forward_budget,False,251,500,250,250,1.4108852500212379,0.010337541985791177,1.421222792007029,12,26.44181449323884,0.006665968056202442,-0.019549478332156933,0.010762370659230308,0.016814592086941006,-0.043556347561484444,-0.0227694424989464,0.001240921873373246,-0.010472368762882543,0.002363780316765792,-0.017164446350523832,0.008584669161074433,0.01332346871530331
0,0,0.01,,0,momentum,0,0.03,0,2.4604572047232177e-07,0.0007014922957129633,0.029288591981228823,0.042660316881047836,1,0.029288591981228823,0.042660316881047836,1,False,0.042660316881047836,False,False,forward_budget,False,251,500,250,250,1.4484949999896344,0.010337541985791177,1.4588325419754256,12,26.44181449323884,0.006060030473094333,-0.019514656552476414,0.011520330040634835,0.020200712606685222,-0.04449874343710984,-0.03065070296723176,0.0029967092542416973,-0.008443421877741221,0.0009907464275571791,-0.021501396549708823,0.020476024999921596,0.020652220030199862
0,0,0.01,,0,adam,0,0.03,0,1.2179729345829527e-09,4.935530234094312e-05,0.013447125894160934,0.0172828469994827,-1,0.013447125894160934,0.0172828469994827,-1,False,0.0172828469994827,False,False,forward_budget,False,251,500,250,250,1.3691851670155302,0.010337541985791177,1.3795227090013213,12,26.44181449323884,-0.00971186345287106,0.0032054966362565626,0.004851840592071322,-0.00999536143698069,0.005607317123211793,-0.009092315930664308,-0.0022373784916890006,0.004261910529761303,-0.009724954840823748,-0.003964319178210047,0.004163750596143476,-0.00018627442101948284
0,0,0.01,,0,bfgs,0,0.03,0,1.4099686097921698e-15,5.310308107430622e-08,2.392538389836592e-05,3.259732400011633e-05,1,2.392538389836592e-05,3.259732400011633e-05,1,False,3.259732400011633e-05,False,True,gradient_tolerance,True,183,191,191,191,0.8055388329958078,0.010337541985791177,0.8158763749815989,12,26.44181449323884,-0.0032762184668065513,-0.005288686181061021,0.008703385737249407,-0.0072834171018652735,-0.005658531911797639,0.012012377749451464,-0.006424894654504427,-0.010517130161956764,0.005267690552960099,-0.00015366885963428385,-0.00048484520530865747,-0.004481884536676057
0,0,0.01,,0,gn,0,0.03,0,1.1288671093038179e-17,4.7515620785249515e-09,4.075826886109102e-07,5.306562762602204e-07,-1,4.075826886109102e-07,5.306562762602204e-07,-1,False,5.306562762602204e-07,False,True,gradient_tolerance,True,10,19,10,10,0.07267245798720978,0.010337541985791177,0.08300999997300096,12,26.44181449323884,0.0032968653635105927,0.005320776514037996,-0.008703713383599477,0.007286954906225747,0.005626142420758084,-0.012009534350403257,0.00642398796570038,0.010517298157397336,-0.005279609041347935,0.00016189417929836982,0.0004839812281833267,0.004485071273793535
0,0,0.01,,0,lm,0,0.03,0,1.2943896914778106e-17,5.08800489677007e-09,4.5991724496136997e-07,6.076908288235247e-07,-1,4.5991724496136997e-07,6.076908288235247e-07,-1,False,6.076908288235247e-07,False,True,gradient_tolerance,True,10,19,10,10,0.07321099998080172,0.010337541985791177,0.08354854196659289,12,26.44181449323884,0.0032967852145063844,0.005320667645918091,-0.008703708887655932,0.007286877871673184,0.005626285999350932,-0.012009598939327376,0.00642402025276825,0.010517321574866999,-0.005279493131657938,0.000161850774045953,0.00048396694039077004,0.004485069693430867
0,0,0.01,,0,trf,0,0.03,0,1.1288671088203143e-17,4.751562077507384e-09,4.075826885450708e-07,5.306562763469566e-07,-1,4.075826885450708e-07,5.306562763469566e-07,-1,False,5.306562763469566e-07,False,True,gradient_tolerance,True,,19,10,1,0.08813325001392514,0.010337541985791177,0.09847079199971631,12,26.44181449323884,0.003296865363510441,0.0053207765140379885,-0.008703713383599584,0.0072869549062256605,0.005626142420757652,-0.01200953435040313,0.006423987965700205,0.010517298157397364,-0.005279609041347957,0.00016189417929849352,0.0004839812281832971,0.004485071273793671
0,0,0.01,,0,momentum,1,0.03,1,4.4144055654230953e-07,0.0009396175355348681,0.027457841633546844,0.036068623194083035,-1,0.027457841633546844,0.036068623194083035,-1,False,0.036068623194083035,False,False,forward_budget,False,251,500,250,250,1.4044495419948362,0.010337541985791177,1.4147870839806274,12,26.44181449323884,0.0020451909599596527,0.026989443344188666,0.009358858285713239,-0.027618952718255214,0.011154389666634864,-0.02833072176121168,0.026538721238821606,-0.0026590480359915654,-0.004424649628340259,-0.021951564588750288,0.03655270212441887,-0.0054416230115661
0,0,0.01,,0,adam,1,0.03,1,1.1327682214043648e-09,4.759765165224782e-05,0.01141148704019276,0.017488110155277986,-1,0.01141148704019276,0.017488110155277986,-1,False,0.017488110155277986,False,False,forward_budget,False,251,500,250,250,1.3842240840021987,0.010337541985791177,1.3945616259879898,12,26.44181449323884,0.0026266902370615025,0.013023254934901852,-0.01143708930634192,-0.0005977928298989303,-0.0011639625910701767,0.005478496241461909,0.010791145121098779,-0.00021995134524616667,0.005066521518224098,0.0088875253590706,-0.008586959183842582,0.004021271710468822
0,0,0.01,,0,bfgs,1,0.03,1,1.0074273462984202e-16,1.4194557733852931e-08,6.0952730272224245e-06,8.998317538420116e-06,1,6.0952730272224245e-06,8.998317538420116e-06,1,False,8.998317538420116e-06,False,True,gradient_tolerance,True,215,220,220,220,0.9748886250017677,0.010337541985791177,0.9852261669875588,12,26.44181449323884,-0.003305919601820505,-0.005319963828513363,0.008705046287406063,-0.007289225443895213,-0.005617750653377856,0.012008169944773979,-0.0064235745820931745,-0.010517567971615148,0.005285354273654735,-0.00015950727902128132,-0.0004840531885971666,-0.004484596087960134
0,0,0.01,,0,gn,1,0.03,1,1.5129803959916063e-21,5.5008733779130135e-11,6.688747383144671e-09,1.1202171088312007e-08,-1,6.688747383144671e-09,1.1202171088312007e-08,-1,False,1.1202171088312007e-08,True,True,gradient_tolerance,True,9,17,9,9,0.07138012500945479,0.010337541985791177,0.08171766699524596,12,26.44181449323884,0.003296917695518412,0.005320566760698856,-0.008704104706378146,0.007287476676756644,0.005625939232361497,-0.01200961762264262,0.006423827651390469,0.010517166420521806,-0.005280030027660783,0.00016225118118755617,0.00048407727840976694,0.004484999908535371
0,0,0.01,,0,lm,1,0.03,1,1.0535120388709254e-21,4.590233194230823e-11,6.210409957155123e-09,9.227117474600033e-09,-1,6.210409957155123e-09,9.227117474600033e-09,-1,False,9.227117474600033e-09,True,True,gradient_tolerance,True,9,17,9,9,0.07311837500310503,0.010337541985791177,0.0834559169888962,12,26.44181449323884,0.0032969197915000653,0.005320565598508673,-0.008704105635462318,0.007287477857614292,0.0056259419701186605,-0.01200961742681413,0.006423827406590275,0.010517166029612265,-0.005280032002714397,0.00016225086592587545,0.00048407765495187834,0.004485000172530719
0,0,0.01,,0,trf,1,0.03,1,1.5129804553979226e-21,5.500873485907348e-11,6.688747934475508e-09,1.1202171765721525e-08,-1,6.688747934475508e-09,1.1202171765721525e-08,-1,False,1.1202171765721525e-08,True,True,gradient_tolerance,True,,17,9,1,0.1449592080025468,0.010337541985791177,0.15529674998833798,12,26.44181449323884,0.003296917695517363,0.005320566760698112,-0.008704104706378049,0.0072874766767562285,0.005625939232362138,-0.012009617622643036,0.006423827651390451,0.010517166420521836,-0.005280030027660106,0.00016225118118754818,0.00048407727840969116,0.004484999908535326
0,0,0.01,,0,gd,1,0.03,1,3.967621695174714e-08,0.0002816956405475496,0.02382245387837237,0.03728543212334131,-1,0.02382245387837237,0.03728543212334131,-1,False,0.03247688954271158,False,False,forward_budget,False,251,500,250,250,1.4315035829786211,0.010337541985791177,1.4418411249644123,12,26.44181449323884,0.002717111031620031,0.025428328655688004,0.008245557580890522,-0.029997946560839303,0.01213037301480793,-0.020467275628895498,0.015307905483292849,-0.0027324549075546955,-0.00319993374479156,-0.017604873988796614,0.018706990285415125,-0.0026589914782498263
0,0,0.01,,0,adam,2,0.03,2,1.141883826567418e-09,4.7788781666148763e-05,0.010892386488425582,0.017623704530982755,-1,0.010892386488425582,0.017623704530982755,-1,False,0.017623704530982755,False,False,forward_budget,False,251,500,250,250,1.5175942920031957,0.010337541985791177,1.527931833988987,12,26.44181449323884,0.002913713655966403,0.010543095558663186,-0.010514986324517478,-0.00010890600680107535,-0.0009189412394697882,0.005614090617166678,0.01079856463365544,-0.0005255560510492574,0.0050330742679525736,0.007852950077853364,-0.008566278209112573,0.0037543667197269767
0,0,0.01,,0,bfgs,2,0.03,2,1.7106079842673783e-17,5.849116145653766e-09,1.3566550061507663e-06,2.31843113446175e-06,-1,1.3566550061507663e-06,2.31843113446175e-06,-1,False,2.31843113446175e-06,False,True,gradient_tolerance,True,226,232,232,232,1.0011807499977294,0.010337541985791177,1.0115182919835206,12,26.44181449323884,0.0032975804248633325,0.005318250185173954,-0.008703827655042103,0.007288086036081239,0.0056268477852486985,-0.012009867524042022,0.006424103511209823,0.010517087262968986,-0.005280535741019406,0.00016148816756300324,0.00048355510576806975,0.004485330124794622
0,0,0.01,,0,gn,2,0.03,2,6.36317006015487e-21,1.1281108154924205e-10,8.816940747977018e-09,1.2450523850619788e-08,-1,8.816940747977018e-09,1.2450523850619788e-08,-1,False,1.2450523850619788e-08,False,True,gradient_tolerance,True,8,15,8,8,0.06297141700633802,0.010337541985791177,0.07330895899212919,12,26.44181449323884,0.0032969218973938398,0.005320563756111438,-0.008704102012188653,0.007287481930223895,0.005625922137273672,-0.012009613824583357,0.006423836489062371,0.010517170429954112,-0.005280033260252536,0.00016225389410502085,0.0004840782405912567,0.004485009161534679
0,0,0.01,,0,lm,2,0.03,2,6.483056235045862e-21,1.1386883888971436e-10,8.725975564884153e-09,1.2933459799663316e-08,-1,8.725975564884153e-09,1.2933459799663316e-08,-1,False,1.2933459799663316e-08,False,True,gradient_tolerance,True,8,15,8,8,0.05886083299992606,0.010337541985791177,0.06919837498571724,12,26.44181449323884,0.003296922659103755,0.0053205648126353625,-0.008704102040961465,0.007287481688888456,0.005625921654337723,-0.01200961396419735,0.006423836344704337,0.01051717040945249,-0.005280033921960349,0.0001622539087061343,0.0004840784327475385,0.004485009000243914
0,0,0.01,,0,trf,2,0.03,2,6.363169940612982e-21,1.1281108048957764e-10,8.816940659381385e-09,1.2450523755209997e-08,-1,8.816940659381385e-09,1.2450523755209997e-08,-1,False,1.2450523755209997e-08,False,True,gradient_tolerance,True,,15,8,1,0.07021316699683666,0.010337541985791177,0.08055070898262784,12,26.44181449323884,0.0032969218973938575,0.005320563756111182,-0.008704102012188783,0.007287481930223995,0.005625922137273767,-0.012009613824583439,0.006423836489062193,0.010517170429954014,-0.0052800332602526995,0.00016225389410482637,0.00048407824059139363,0.004485009161534545
0,0,0.01,,0,gd,2,0.03,2,6.780195503381023e-08,0.0003682443618952237,0.02043614693548553,0.03936134123475005,1,0.02043614693548553,0.03936134123475005,1,False,0.02651368625267904,False,False,forward_budget,False,251,500,250,250,1.387673833000008,0.010337541985791177,1.3980113749857992,12,26.44181449323884,-0.008796055775726598,-0.010338559922256144,0.010974211982844225,0.007534808066012092,0.01021834673019233,0.008154131546765963,0.03293751374371454,-0.0026745160379873885,-0.014943927603243225,-0.007428249688719848,0.005282528639201196,0.01886263317545403
0,0,0.01,,0,momentum,2,0.03,2,7.060474810849615e-07,0.0011883160194872083,0.027925647924379238,0.04790511200518506,-1,0.027925647924379238,0.04790511200518506,-1,False,0.04790511200518506,False,False,forward_budget,False,251,500,250,250,1.4014352920057718,0.010337541985791177,1.411772833991563,12,26.44181449323884,-0.008918614864214604,-0.008171602098792915,0.010512212611272562,0.007960167459636337,0.01035991999922731,0.012011829235766974,0.054328939496220564,-0.006080619998771068,-0.01533512366182341,-0.01944378026364791,0.013403081006021646,0.032536379233201025
0,0,0.01,,0,bfgs,3,0.03,3,1.2282197416423454e-16,1.5673032518580094e-08,6.398210366923697e-06,9.332035631758745e-06,1,6.398210366923697e-06,9.332035631758745e-06,1,False,9.332035631758745e-06,False,True,gradient_tolerance,True,252,265,265,265,1.2338931249978486,0.010337541985791177,1.2442306669836398,12,26.44181449323884,-0.003287589248650326,-0.005327511550446911,0.008703922672742859,-0.007285109795181611,-0.00562692193745201,0.012011494444348621,-0.0064231230022924485,-0.010516675148390147,0.005274550242640144,-0.00016583100527887593,-0.00048423715755001713,-0.004485419402847824
0,0,0.01,,0,gn,3,0.03,3,5.1083991862345647e-23,1.0107817950709802e-11,2.401011128688687e-09,5.2341712344569635e-09,-1,2.401011128688687e-09,5.2341712344569635e-09,-1,False,5.2341712344569635e-09,True,True,gradient_tolerance,True,12,23,12,12,0.08556670902180485,0.010337541985791177,0.09590425100759603,12,26.44181449323884,0.0032969230954611457,0.005320568235334058,-0.008704107801100513,0.0072874862816461935,0.005625939821968757,-0.01200961384222106,0.006423827705505378,0.010517164320152534,-0.005280041690347915,0.00016225597819910734,0.00048407898690302115,0.004485001334849083
0,0,0.01,,0,lm,3,0.03,3,3.610821120752268e-23,8.498024618406643e-12,2.028914823806932e-09,4.4457116972138055e-09,-1,2.028914823806932e-09,4.4457116972138055e-09,-1,False,4.4457116972138055e-09,True,True,gradient_tolerance,True,12,23,12,12,0.09170074999565259,0.010337541985791177,0.10203829198144376,12,26.44181449323884,0.003296922765062609,0.005320568248129174,-0.008704107832856125,0.0072874861824698016,0.00562593903350922,-0.012009613879110976,0.006423827687341773,0.010517164334588432,-0.005280041578460086,0.00016225577235189933,0.000484078969156164,0.004485001313021687
0,0,0.01,,0,trf,3,0.03,3,5.1083981778542425e-23,1.010781695308561e-11,2.4010109725012123e-09,5.234170706233665e-09,-1,2.4010109725012123e-09,5.234170706233665e-09,-1,False,5.234170706233665e-09,True,True,gradient_tolerance,True,,23,12,1,0.10257904100581072,0.010337541985791177,0.1129165829916019,12,26.44181449323884,0.0032969230954614506,0.00532056823533439,-0.008704107801100805,0.007287486281646044,0.005625939821968229,-0.012009613842220924,0.006423827705505335,0.010517164320152627,-0.005280041690348149,0.00016225597819915553,0.00048407898690318833,0.004485001334849047
0,0,0.01,,0,gd,3,0.03,3,4.925776677473278e-08,0.0003138718425559476,0.020882958930260716,0.027641188778837728,-1,0.020882958930260716,0.027641188778837728,-1,False,0.027641188778837728,False,False,forward_budget,False,251,500,250,250,1.3699729999934789,0.010337541985791177,1.38031054197927,12,26.44181449323884,-0.0038229044621876447,-0.022320620162529312,-0.018832346899400488,0.0152967256540236,0.026904896646023496,0.009022787094490512,-0.012073096642957835,0.010171911964833948,0.0014660510650076255,0.001100288522501113,0.0094079303714071,0.003251197013888093
0,0,0.01,,0,momentum,3,0.03,3,5.831589844558895e-07,0.0010799620219765966,0.026677999424616752,0.030412738389935853,-1,0.026677999424616752,0.030412738389935853,-1,False,0.030412738389935853,False,False,forward_budget,False,251,500,250,250,1.3829910420172382,0.010337541985791177,1.3933285840030294,12,26.44181449323884,-0.0036321517475209814,-0.024331924015913893,-0.02072148667683197,0.020960926174079277,0.027232817432444108,0.018403124476119775,-0.022836416212382128,0.00828390915692659,0.0035848710491411186,0.00652399811224251,0.029322772196053566,0.008490701391667795
0,0,0.01,,0,adam,3,0.03,3,7.270853931366553e-14,3.813359131098605e-07,0.00012798145053374038,0.00021593445261538884,-1,0.00012798145053374038,0.00021593445261538884,-1,False,0.00021593445261538884,False,True,forward_budget,False,251,500,250,250,1.5483044580032583,0.010337541985791177,1.5586419999890495,12,26.44181449323884,0.0035128557368974737,0.005385829859466169,-0.008703826963129243,0.007333744357328321,0.005652755954060785,-0.01197082272849697,0.006459541295052764,0.010530760880997612,-0.005415585939580182,0.00021715288904362826,0.0004652910195913606,0.004509071658353324
0,0,0.01,,0,gn,4,0.03,4,4.367894958613168e-18,2.9556369731796114e-09,6.79728941603936e-07,1.1768820859367132e-06,1,6.79728941603936e-07,1.1768820859367132e-06,1,False,1.1768820859367132e-06,False,True,gradient_tolerance,True,8,15,8,8,0.05804820900084451,0.010337541985791177,0.06838575098663568,12,26.44181449323884,-0.0032971669635222193,-0.005319798514493876,0.00870417666483471,-0.007287531298510712,-0.005624757705711586,0.012009818588968168,-0.006423727798596254,-0.010517019940368435,0.005280287861630784,-0.0001616652420007469,-0.0004840156341137522,-0.004484834193761688
0,0,0.01,,0,lm,4,0.03,4,5.047625748252513e-18,3.177302550356989e-09,7.276452075041223e-07,1.2356836896574436e-06,1,7.276452075041223e-07,1.2356836896574436e-06,1,False,1.2356836896574436e-06,False,True,gradient_tolerance,True,8,15,8,8,0.058514167001703754,0.010337541985791177,0.06885170898749493,12,26.44181449323884,-0.0032971762897714973,-0.005319717321283734,0.00870417157539273,-0.007287517330744703,-0.005624698904107865,0.012009834885936713,-0.006423704758763679,-0.010517013337421997,0.005280293358155941,-0.00016161946189635807,-0.0004840080404024362,-0.004484816712394633
0,0,0.01,,0,trf,4,0.03,4,4.367894957128749e-18,2.9556369726773784e-09,6.797289414558734e-07,1.17688208485945e-06,1,6.797289414558734e-07,1.17688208485945e-06,1,False,1.17688208485945e-06,False,True,gradient_tolerance,True,,15,8,1,0.06817491698893718,0.010337541985791177,0.07851245897472836,12,26.44181449323884,-0.003297166963521986,-0.0053197985144933,0.008704176664834565,-0.007287531298510497,-0.005624757705712663,0.012009818588968317,-0.006423727798596106,-0.010517019940368478,0.0052802878616304266,-0.00016166524200042197,-0.0004840156341137397,-0.004484834193761574
0,0,0.01,,0,gd,4,0.03,4,6.170337700604157e-08,0.000351292974612478,0.026200082949521773,0.03991763757235894,1,0.026200082949521773,0.03991763757235894,1,False,0.03991763757235894,False,False,forward_budget,False,251,500,250,250,1.3730476659839042,0.010337541985791177,1.3833852079696953,12,26.44181449323884,0.015440271910654519,0.0016055370919313195,0.00636159898534006,0.018340733648142128,-0.03711188560763851,-0.0010780716059841295,-0.009474483441366645,-0.010580399393325763,-0.0015796564146700485,0.03975538283221171,-0.016710998196710534,0.01919103631415621
0,0,0.01,,0,momentum,4,0.03,4,2.611143524949698e-07,0.0007226539316920234,0.0296796240882043,0.04473275219191936,1,0.0296796240882043,0.04473275219191936,1,False,0.044408242711624905,False,False,forward_budget,False,251,500,250,250,1.401005833002273,0.010337541985791177,1.4113433749880642,12,26.44181449323884,0.01482814381606892,0.001594500666255017,0.005834711696277728,0.017404558242070448,-0.03821859774239279,-0.00746953291421943,-0.013436250801499012,-0.013569750507010194,-0.00690900332314389,0.044570497451772134,-0.025399901216583573,0.030037036351089674
0,0,0.01,,0,adam,4,0.03,4,1.0956246366099524e-09,4.681078159163661e-05,0.01345900325153551,0.020476946903081283,1,0.01345900325153551,0.020476946903081283,1,False,0.020476946903081283,False,False,forward_budget,False,251,500,250,250,1.383830166014377,0.010337541985791177,1.3941677080001682,12,26.44181449323884,-0.010244378825832939,0.0004449953106246017,0.004355725382913847,-0.01468375860167196,-0.0003125136444933581,-0.007494150481346535,-0.00620997204907983,0.0003716069525563733,-0.015196905673249411,0.005141266836198705,0.00956755302274997,0.001502755628868852
0,0,0.01,,0,bfgs,4,0.03,4,2.253924182213847e-17,6.714051209536381e-09,2.465667283380845e-06,4.497896990506185e-06,1,2.465667283380845e-06,4.497896990506185e-06,1,False,4.497896990506185e-06,False,True,gradient_tolerance,True,219,226,226,226,1.021202165982686,0.010337541985791177,1.0315397079684772,12,26.44181449323884,-0.0032972958894142085,-0.00531607071931791,0.008704399436946252,-0.007287338220188004,-0.005627773041069861,0.01200990144252466,-0.0064236703323116515,-0.01051737418795689,0.0052799825520266725,-0.0001606118429511097,-0.0004840738852349925,-0.004484499804811234
0,0,0.01,,0,lm,5,0.03,5,8.594729889564333e-19,1.3110858011254894e-09,2.9307005759574417e-07,6.158356717208754e-07,1,2.9307005759574417e-07,6.158356717208754e-07,1,False,6.158356717208754e-07,False,True,gradient_tolerance,True,9,17,9,9,0.06811541598290205,0.010337541985791177,0.07845295796869323,12,26.44181449323884,-0.0032971730737444446,-0.005320596354758243,0.008704069686893563,-0.007287536076778478,-0.005626550423469243,0.012009546172858295,-0.00642382451109536,-0.010517156335611136,0.005280146068259586,-0.0001624232981804834,-0.00048408943567927065,-0.004485018046516799
0,0,0.01,,0,trf,5,0.03,5,2.734098488652484e-20,2.338417622518477e-10,5.162438623373426e-08,1.0838022578441714e-07,1,5.162438623373426e-08,1.0838022578441714e-07,1,False,1.0838022578441714e-07,False,True,gradient_tolerance,True,,17,9,1,0.07891379098873585,0.010337541985791177,0.08925133297452703,12,26.44181449323884,-0.0032969654088392756,-0.005320574303533977,0.008704102228851115,-0.0072874973431775745,-0.005626042968023307,0.012009603900036836,-0.0064238278752951515,-0.010517162653951157,0.005280057590592695,-0.0001622863229785597,-0.00048408154993269105,-0.004485004321446631
0,0,0.01,,0,gd,5,0.03,5,4.017111392240057e-08,0.0002834470459271028,0.023921660165411137,0.03164742628880098,1,0.023921660165411137,0.03164742628880098,1,False,0.03164742628880098,False,False,forward_budget,False,251,500,250,250,1.3862978749966715,0.010337541985791177,1.3966354169824626,12,26.44181449323884,-0.03494434757308307,-0.00664772140150288,0.004583489111390326,0.0177061626368899,0.01711882825187335,0.010382948577463655,-0.008174556515716564,-0.0023016272498075883,0.01875366393255248,-0.006731266493791338,-0.020434450280513758,-0.02522479970592247
0,0,0.01,,0,momentum,5,0.03,5,3.152710181217385e-07,0.0007940667706455654,0.026350504862762414,0.033181387179495044,1,0.026350504862762414,0.033181387179495044,1,False,0.033181387179495044,False,False,forward_budget,False,251,500,250,250,1.3894526250078343,0.010337541985791177,1.3997901669936255,12,26.44181449323884,-0.03500621946823973,-0.006836988961542148,0.00390756735507043,0.016247300275768393,0.017877244513446126,0.01843828583034601,-0.010058650755671134,-0.006754037838880294,0.02280791348404501,-0.006171294689216721,-0.03366546610983088,-0.03405408921061262
0,0,0.01,,0,adam,5,0.03,5,3.416876338608799e-12,2.6141447314977795e-06,0.0011478292201374683,0.001980342416392576,1,0.0011478292201374683,0.001980342416392576,1,False,0.001980342416392576,False,True,forward_budget,False,251,500,250,250,1.4354174580075778,0.010337541985791177,1.445754999993369,12,26.44181449323884,-0.0013165788678895084,-0.005647688228187629,0.008567915115342122,-0.006843806531747346,-0.005950683735470231,0.012382699407035168,-0.006337230900037043,-0.01040572877216695,0.003977758681586115,-0.0005334909223477811,-0.0005656299556215951,-0.004570673405583501
0,0,0.01,,0,bfgs,5,0.03,5,8.187961802188352e-17,1.2796844769073627e-08,3.0664483373223234e-06,3.7569875238536478e-06,-1,3.0664483373223234e-06,3.7569875238536478e-06,-1,False,3.7569875238536478e-06,False,True,gradient_tolerance,True,208,221,221,221,0.9378731669858098,0.010337541985791177,0.948210708971601,12,26.44181449323884,0.003293164296758231,0.005322416677148161,-0.008703697830187205,0.007285502689725285,0.005622360673423453,-0.01200949090069526,0.006421922972886144,0.010517133189912375,-0.005276702771615472,0.00016124183114767866,0.00048533302284516853,0.004484438290496476
0,0,0.01,,0,gn,5,0.03,5,2.7340985020255673e-20,2.3384176282373376e-10,5.1624386456533093e-08,1.0838022612442294e-07,1,5.1624386456533093e-08,1.0838022612442294e-07,1,False,1.0838022612442294e-07,False,True,gradient_tolerance,True,9,17,9,9,0.06789783301064745,0.010337541985791177,0.07823537499643862,12,26.44181449323884,-0.00329696540884002,-0.005320574303532728,0.008704102228851209,-0.007287497343178039,-0.005626042968023647,0.012009603900036993,-0.0064238278752951445,-0.010517162653951143,0.005280057590593,-0.00016228632297803094,-0.0004840815499324687,-0.004485004321446353
0,0,0.01,,0,trf,6,0.03,6,1.0956209918512915e-09,4.681070373005071e-05,0.013453050489899457,0.02046640827425003,-1,0.013453050489899457,0.02046640827425003,-1,False,0.02046640827425003,False,False,gradient_tolerance,True,,25,13,1,0.11397862501326017,0.010337541985791177,0.12431616699905135,12,26.44181449323884,0.010262280814814726,-0.0004424647193626995,-0.004356815800803582,0.014635918703836938,0.0003175384756564242,0.0074904257553836655,0.006209210361543386,-0.00037550984686236436,0.015186367044418158,-0.005142528876997552,-0.009550834804875943,-0.001503970099469346
0,0,0.01,,0,gd,6,0.03,6,3.8628950620708965e-08,0.00027795305582313344,0.027648521067098197,0.035273712899437336,1,0.027648521067098197,0.035273712899437336,1,False,0.034385351327552216,False,False,forward_budget,False,251,500,250,250,1.4117564579937607,0.010337541985791177,1.4220939999795519,12,26.44181449323884,-0.03108843004327013,0.01524124805444075,0.00478398341158937,0.027986227336935326,-0.01635471562901846,0.004633680429895872,0.017998546309546032,-0.007847966187317505,0.022242619839845584,-0.025539024285044905,-0.017965765633213115,-0.011076074169076702
0,0,0.01,,0,momentum,6,0.03,6,1.5358653760897812e-07,0.0005542319687801817,0.02996110993340981,0.0355653499208436,1,0.02996110993340981,0.0355653499208436,1,False,0.0341535266156298,False,False,forward_budget,False,251,500,250,250,1.3910015419824049,0.010337541985791177,1.401339083968196,12,26.44181449323884,-0.030856605331347715,0.016390180123775546,0.004335504385460796,0.028277864358341592,-0.01733962586078432,0.006918289125112786,0.02756058644024103,-0.010778097154496662,0.021788691929764428,-0.030334385402728228,-0.019185745678671613,-0.01856185162239911
0,0,0.01,,0,adam,6,0.03,6,8.544937453592842e-17,1.3072824831376608e-08,2.855031954762803e-06,3.5928660360689917e-06,-1,2.855031954762803e-06,3.5928660360689917e-06,-1,False,3.5928660360689917e-06,False,True,gradient_tolerance,True,210,419,210,210,1.1716063329949975,0.010337541985791177,1.1819438749807887,12,26.44181449323884,0.003293328418246016,0.00531787731999951,-0.00870495090867604,0.007285916540657683,0.005626369053689789,-0.012010817046875625,0.006423001247187071,0.010516700199356431,-0.005278144458681904,0.00015887249983479213,0.00048491315673636175,0.004483734623920004
0,0,0.01,,0,bfgs,6,0.03,6,1.1322918337328063e-09,4.758764196160189e-05,0.011551364058465739,0.01748766514193654,-1,0.011551364058465739,0.01748766514193654,-1,False,0.01748766514193654,False,False,gradient_tolerance,True,217,221,221,221,0.924863207997987,0.010337541985791177,0.9352007499837782,12,26.44181449323884,0.0032853668657803823,0.01367654631272625,-0.01146745931234552,-0.0007862762140607715,-0.0013992901959629415,0.005478051228120459,0.010740354632018218,-0.0002315526879060292,0.004826311163585706,0.00902294751397358,-0.008544255650337682,0.004029910018464467
0,0,0.01,,0,gn,6,0.03,6,1.0956209918512696e-09,4.6810703730050234e-05,0.013453050489899478,0.020466408274250097,-1,0.013453050489899478,0.020466408274250097,-1,False,0.020466408274250097,False,False,gradient_tolerance,True,13,25,13,13,0.09975108300568536,0.010337541985791177,0.11008862499147654,12,26.44181449323884,0.010262280814814883,-0.0004424647193629416,-0.004356815800803527,0.014635918703836499,0.00031753847565616904,0.007490425755383621,0.006209210361543625,-0.000375509846862456,0.015186367044418225,-0.005142528876997223,-0.009550834804875709,-0.0015039700994694928
0,0,0.01,,0,lm,6,0.03,6,1.0956209951687349e-09,4.681070380092004e-05,0.013453187916400195,0.020466208831533505,-1,0.013453187916400195,0.020466208831533505,-1,False,0.020466208831533505,False,False,gradient_tolerance,True,13,25,13,13,0.09774341699085198,0.010337541985791177,0.10808095897664316,12,26.44181449323884,0.010263432741386348,-0.00044256882521265446,-0.004356770474286572,0.014636232775587735,0.0003172680239890361,0.007490195500809487,0.006209160345301345,-0.0003755395991828649,0.015186167601701633,-0.0051423909864598315,-0.009551002560184393,-0.0015038600269956827
0,0,0.01,,0,gd,7,0.03,7,4.5278988958994994e-08,0.00030092852626161914,0.021747999057463066,0.03329224423189536,-1,0.021747999057463066,0.03329224423189536,-1,False,0.024322241818842356,False,False,forward_budget,False,251,500,250,250,1.3747047079959884,0.010337541985791177,1.3850422499817796,12,26.44181449323884,-0.02520761024841553,0.009728654158147425,-0.006744130884202172,0.007736704962970937,0.01245613045442316,0.013435378215763513,0.012079360517301163,0.003735622920917583,-0.011902262687521332,0.003503424119096771,-0.02048152506742163,-0.02880724302536886
0,0,0.01,,0,momentum,7,0.03,7,5.834025492621683e-07,0.0010801875293319843,0.02743168666115681,0.047289325263602744,-1,0.02743168666115681,0.047289325263602744,-1,False,0.041828950042819744,False,False,forward_budget,False,251,500,250,250,1.3784632089955267,0.010337541985791177,1.3888007509813178,12,26.44181449323884,-0.02554882985878803,0.010240968212991117,-0.0075701309118823635,0.0035619180645593686,0.012458743517383958,0.013360817496900258,0.017866250913674317,0.0014377171429660336,-0.013181429565063496,-0.0007919263740757399,-0.04231302897315558,-0.04280432405707624
0,0,0.01,,0,adam,7,0.03,7,1.2637153782389168e-14,1.5897895321324245e-07,6.817896834606605e-05,0.0001142626425734523,1,6.817896834606605e-05,0.0001142626425734523,1,False,0.0001142626425734523,False,True,forward_budget,False,251,500,250,250,1.5045019169920124,0.010337541985791177,1.5148394589778036,12,26.44181449323884,-0.0031826586417086325,-0.0053377557957863244,0.008698024488356822,-0.007255537268860558,-0.005662233025974571,0.012027445905218696,-0.006414226513239115,-0.010513650529501492,0.0052018478392051775,-0.00018635625469661565,-0.0004931128707769684,-0.004489085171928686
0,0,0.01,,0,bfgs,7,0.03,7,2.1639185096100192e-17,6.578629811153717e-09,2.1239758729364585e-06,3.5764822016648087e-06,-1,2.1239758729364585e-06,3.5764822016648087e-06,-1,False,3.5764822016648087e-06,False,True,gradient_tolerance,True,215,220,220,220,0.9422263750166167,0.010337541985791177,0.9525639170024078,12,26.44181449323884,0.003296844129989703,0.005316992134106751,-0.008703712803848532,0.007287318466760049,0.005628214991986933,-0.012010020549127809,0.006423923384900354,0.010517129824904752,-0.0052788900223501,0.0001610086041160822,0.0004840963562022381,0.004485104838184514
0,0,0.01,,0,gn,7,0.03,7,5.116656275643782e-18,3.198954915482174e-09,7.44461630383515e-07,1.583704646771801e-06,1,7.44461630383515e-07,1.583704646771801e-06,1,False,1.583704646771801e-06,False,True,gradient_tolerance,True,12,23,12,12,0.08589541597757488,0.010337541985791177,0.09623295796336606,12,26.44181449323884,-0.003297541433155215,-0.005320592404810972,0.008704010394903292,-0.007287577128852119,-0.005627518292444294,0.012009442720590518,-0.006423827986606741,-0.010517152740433031,0.005280325976260411,-0.00016265568386519607,-0.0004840978630214257,-0.004485051176952927
0,0,0.01,,0,lm,7,0.03,7,6.418050697400473e-18,3.582750534826692e-09,8.464970574917152e-07,1.8080255259267028e-06,1,8.464970574917152e-07,1.8080255259267028e-06,1,False,1.8080255259267028e-06,False,True,gradient_tolerance,True,12,23,12,12,0.08930116699775681,0.010337541985791177,0.09963870898354799,12,26.44181449323884,-0.0032976156219159973,-0.005320586436177749,0.008704000557228135,-0.007287578393178296,-0.005627742613323449,0.012009422146550972,-0.00642383493482073,-0.010517154045240097,0.005280375776851274,-0.0001627048545431875,-0.0004840989985560693,-0.004485062260883728
0,0,0.01,,0,trf,7,0.03,7,5.1166562753589415e-18,3.1989549153931326e-09,7.444616302007867e-07,1.5837046466833302e-06,1,7.444616302007867e-07,1.5837046466833302e-06,1,False,1.5837046466833302e-06,False,True,gradient_tolerance,True,,23,12,1,0.10592620901297778,0.010337541985791177,0.11626375099876896,12,26.44181449323884,-0.0032975414331545667,-0.0053205924048106675,0.008704010394903433,-0.007287577128851857,-0.005627518292444206,0.012009442720590362,-0.006423827986606658,-0.01051715274043313,0.005280325976260335,-0.00016265568386514848,-0.00048409786302153516,-0.0044850511769529535
0,0,0.01,,0,momentum,8,0.03,8,4.3659080159833414e-07,0.0009344418672109402,0.02500861720356373,0.03147853060558369,1,0.02500861720356373,0.03147853060558369,1,False,0.03147853060558369,False,False,forward_budget,False,251,500,250,250,1.5180371250025928,0.010337541985791177,1.528374666988384,12,26.44181449323884,-0.027519568323252433,-0.02044057609106324,0.005895122100374514,-0.021116189712428558,-0.009606819680994937,0.03718649766440948,-0.007725720010516339,0.013179405815930028,-0.02619848937575182,-0.00782980057810704,-0.024914947430076398,-0.009016057380072072
0,0,0.01,,0,adam,8,0.03,8,1.1738498262729e-09,4.845306649269786e-05,0.011569058300603868,0.01795988151892681,-1,0.011569058300603868,0.01795988151892681,-1,False,0.01771992022352208,False,False,forward_budget,False,251,500,250,250,1.5567304579890333,0.010337541985791177,1.5670679999748245,12,26.44181449323884,0.004699141857824051,0.012399351607213664,-0.007413805409195554,-0.0016342185657493634,-0.001423725932886396,0.005950267605110735,0.010277450877177964,-0.0021897693271279075,0.004457727158702999,0.006857613359626292,-0.00772412625531241,0.003203168953001978
0,0,0.01,,0,bfgs,8,0.03,8,3.54213686092255e-17,8.416812770785091e-09,3.4824085534720073e-06,4.795842351529821e-06,1,3.4824085534720073e-06,4.795842351529821e-06,1,False,4.795842351529821e-06,False,True,gradient_tolerance,True,210,219,219,219,0.9674815830076113,0.010337541985791177,0.9778191249934025,12,26.44181449323884,-0.003301008365526191,-0.005315772773956886,0.008704459622006512,-0.007288320287679893,-0.0056279477267850726,0.01200945328807799,-0.0064245155476698205,-0.010517286578752628,0.005282168525738085,-0.0001599092103104183,-0.00048393718301867876,-0.004484419777623414
0,0,0.01,,0,gn,8,0.03,8,6.267577044951115e-26,3.5405019545118503e-13,4.5371441890344214e-11,6.739385351867133e-11,1,4.5371441890344214e-11,6.739385351867133e-11,1,False,6.739385351867133e-11,True,True,gradient_tolerance,True,11,21,11,11,0.07918862497899681,0.010337541985791177,0.08952616696478799,12,26.44181449323884,-0.0032969213066963076,-0.00532056856649519,0.008704108018947963,-0.007287485543148548,-0.005625934655191376,0.012009613914373904,-0.006423827475466703,-0.010517164451198772,0.00528004121884962,-0.0001622546823874447,-0.00048407892880690615,-0.004485001222280497
0,0,0.01,,0,lm,8,0.03,8,4.2078254686650764e-26,2.900974135929197e-13,3.316099089286772e-11,4.788264403032816e-11,1,3.316099089286772e-11,4.788264403032816e-11,1,False,4.788264403032816e-11,True,True,gradient_tolerance,True,11,21,11,11,0.0821667079871986,0.010337541985791177,0.09250424997298978,12,26.44181449323884,-0.0032969212870809133,-0.005320568575511243,0.008704108018414208,-0.0072874855575587195,-0.0056259346356801665,0.012009613911532125,-0.006423827479808917,-0.010517164448171024,0.00528004122047955,-0.0001622546964494178,-0.00048407892732560317,-0.004485001222203779
0,0,0.01,,0,trf,8,0.03,8,6.267541531503772e-26,3.540491923872662e-13,4.5371458066879836e-11,6.739418051404655e-11,1,4.5371458066879836e-11,6.739418051404655e-11,1,False,6.739418051404655e-11,True,True,gradient_tolerance,True,,21,11,1,0.09512820802046917,0.010337541985791177,0.10546575000626035,12,26.44181449323884,-0.003296921306696139,-0.005320568566495221,0.008704108018947858,-0.007287485543148446,-0.005625934655191703,0.012009613914373926,-0.0064238274754668204,-0.010517164451198784,0.0052800412188495445,-0.00016225468238768235,-0.0004840789288068839,-0.00448500122228046
0,0,0.01,,0,gd,8,0.03,8,4.7615044457140235e-08,0.000308593727924403,0.020162679984389625,0.025201111547804207,1,0.020162679984389625,0.025201111547804207,1,False,0.025201111547804207,False,False,forward_budget,False,251,500,250,250,1.3623165000171866,0.010337541985791177,1.3726540420029778,12,26.44181449323884,-0.02652491961967674,-0.01907353412126086,0.002709615941591859,-0.015275686655399903,-0.008951241054260086,0.03240453784409349,-0.0022395790399577144,0.0037175759776664746,-0.019921070317972335,-0.011260521819446905,-0.010684088046493711,-0.0036443358877079357
0,0,0.01,,0,adam,9,0.03,9,1.2143097732190742e-09,4.9281026231584794e-05,0.013566070111768353,0.019439265038871174,-1,0.013566070111768353,0.019439265038871174,-1,False,0.017476157830445406,False,False,forward_budget,False,251,500,250,250,1.3707300419919193,0.010337541985791177,1.3810675839777105,12,26.44181449323884,0.009243520348980516,0.01215558921413699,-0.001965824964001641,0.006318126824498568,-0.00198670686101556,0.007429651125055095,0.003977484403699381,-0.002457878396134034,0.013954756284675764,-0.0034430386196074836,-0.00670673417434559,-0.0019266838035408751
0,0,0.01,,0,bfgs,9,0.03,9,3.453787439512711e-17,8.311182153596095e-09,2.087254574366238e-06,2.9520439534412232e-06,1,2.087254574366238e-06,2.9520439534412232e-06,1,False,2.9520439534412232e-06,False,True,gradient_tolerance,True,214,223,223,223,1.1234998749860097,0.010337541985791177,1.1338374169718008,12,26.44181449323884,-0.0032977719884415314,-0.005323520660261857,0.00870453162116677,-0.007288821058832672,-0.005623249867138383,0.012009302934593473,-0.006424224822877307,-0.010516951806844014,0.005281601082423367,-0.00016295808796219614,-0.00048388598461550423,-0.004484535782823634
0,0,0.01,,0,gn,9,0.03,9,2.371544187704697e-19,6.887008331205498e-10,1.344982822477937e-07,1.8371606496422194e-07,-1,1.344982822477937e-07,1.8371606496422194e-07,-1,False,1.8371606496422194e-07,False,True,gradient_tolerance,True,12,23,12,12,0.09057124998071231,0.010337541985791177,0.10090879196650349,12,26.44181449323884,0.0032970395427941532,0.005320442319600961,-0.008704151468650211,0.007287465481699601,0.005625750871732558,-0.012009655549177222,0.006423782239373085,0.010517140244213213,-0.005280160159160541,0.00016213455331661733,0.0004840586926655643,0.004484980367769384
0,0,0.01,,0,lm,9,0.03,9,2.4021670107047816e-19,6.931330335086882e-10,1.3500972963010086e-07,1.827677205117756e-07,-1,1.3500972963010086e-07,1.827677205117756e-07,-1,False,1.827677205117756e-07,False,True,gradient_tolerance,True,12,23,12,12,0.09527804201934487,0.010337541985791177,0.10561558400513604,12,26.44181449323884,0.0032970407810393415,0.005320441723544612,-0.008704151980021616,0.007287465357998389,0.005625751820077011,-0.012009655780012214,0.006423782164689084,0.010517139997641664,-0.005280161750258544,0.00016213406392264146,0.0004840585854601,0.0044849803434152125
0,0,0.01,,0,trf,9,0.03,9,2.371544194682198e-19,6.887008341336894e-10,1.3449828226558e-07,1.8371606424257697e-07,-1,1.3449828226558e-07,1.8371606424257697e-07,-1,False,1.8371606424257697e-07,False,True,gradient_tolerance,True,,23,12,1,0.11170029200729914,0.010337541985791177,0.12203783399309032,12,26.44181449323884,0.0032970395427946914,0.0053204423196008795,-0.008704151468650187,0.0072874654816995135,0.00562575087173328,-0.012009655549176957,0.006423782239373102,0.010517140244213298,-0.005280160159160776,0.00016213455331628242,0.00048405869266570815,0.004484980367769513
0,0,0.01,,0,gd,9,0.03,9,2.9212982452432596e-08,0.00024171463527239138,0.02372425778783084,0.03943683429738537,1,0.02372425778783084,0.03943683429738537,1,False,0.03812394088271425,False,False,forward_budget,False,251,500,250,250,2.030473833990982,0.010337541985791177,2.040811375976773,12,26.44181449323884,0.01722857730119059,-0.03280337226640583,0.007437827885777158,-0.0012586905501505844,-0.014459732832093652,-0.027427220383569293,0.004708287252570201,-0.009512832620056061,0.008908619933611037,-0.001951353048091348,0.01854187653126066,-0.0015002174821734198
0,0,0.01,,0,momentum,9,0.03,9,4.1122976818007795e-07,0.0009068955487596992,0.028010719055750605,0.04745038539204631,1,0.028010719055750605,0.04745038539204631,1,False,0.03897851779848611,False,False,forward_budget,False,251,500,250,250,1.412957666994771,0.010337541985791177,1.4232952089805622,12,26.44181449323884,0.01685831591912071,-0.03365794918217769,0.007162847805436525,0.003392949779036893,-0.014315708234079478,-0.03544077147823023,0.0028481108836622216,-0.012090907177205342,0.008072699576070248,-0.00019605699471063808,0.03910921433641896,-0.005791113607974803
0,0,0.01,,0,bfgs,10,0.1,0,1.1322916995400418e-09,4.758763914169397e-05,0.011547835072185665,0.017488529479552487,1,0.011547835072185665,0.017488529479552487,1,False,0.017488529479552487,False,False,gradient_tolerance,True,220,231,231,231,1.0985500829992816,0.010337541985791177,1.1088876249850728,12,26.44181449323884,-0.0032860274242871557,-0.01366363148729431,0.011464787180704648,0.0007825551382952333,0.001395457133214026,-0.005478915565736409,-0.010740558444717134,0.00023230785793009435,-0.004825024159247056,-0.009019370206011217,0.008544349892062089,-0.004028177554766552
0,0,0.01,,0,gn,10,0.1,0,3.106236155862671e-19,7.881923820822771e-10,1.0456899854678384e-07,1.8140031390629502e-07,-1,1.0456899854678384e-07,1.8140031390629502e-07,-1,False,1.8140031390629502e-07,False,True,gradient_tolerance,True,12,23,12,12,0.08943516600993462,0.010337541985791177,0.0997727079957258,12,26.44181449323884,0.003296935400556114,0.005320547091006018,-0.008704025349434149,0.007287438713278774,0.005626115988111429,-0.01200952839271918,0.006423813247124935,0.010517203697315592,-0.005280009948943157,0.00016235080277447148,0.00048408242313285096,0.004485033223879972
0,0,0.01,,0,lm,10,0.1,0,1.6639054618870828e-19,5.768718162446632e-10,6.800854178715157e-08,1.0644109943534069e-07,-1,6.800854178715157e-08,1.0644109943534069e-07,-1,False,1.0644109943534069e-07,False,True,gradient_tolerance,True,12,23,12,12,0.9005566249834374,0.010337541985791177,0.9108941669692285,12,26.44181449323884,0.0032969494867300018,0.005320512916686239,-0.008704069855530624,0.007287428038734226,0.005626041028896958,-0.012009557126152863,0.006423789638365208,0.010517184102415764,-0.00528003374168591,0.00016225414078614305,0.00048408534257768257,0.0044850233573646165
0,0,0.01,,0,trf,10,0.1,0,3.106236153560216e-19,7.881923817901586e-10,1.045689985612117e-07,1.8140031385512068e-07,-1,1.045689985612117e-07,1.8140031385512068e-07,-1,False,1.8140031385512068e-07,False,True,gradient_tolerance,True,,23,12,1,0.2578701250022277,0.010337541985791177,0.2682076669880189,12,26.44181449323884,0.0032969354005563008,0.005320547091005731,-0.008704025349434074,0.007287438713278813,0.0056261159881113776,-0.012009528392719165,0.006423813247125108,0.010517203697315541,-0.005280009948943409,0.00016235080277451067,0.00048408242313277837,0.004485033223880026
0,0,0.01,,0,gd,10,0.1,0,6.269228892271747e-07,0.0011197525523321432,0.06643736883277751,0.12006294792712822,1,0.06643736883277751,0.12006294792712822,1,False,0.12006294792712822,False,False,forward_budget,False,251,500,250,250,2.0822945840191096,0.010337541985791177,2.092632126004901,12,26.44181449323884,0.01963848368156541,-0.05909854799622494,0.030888856063449516,0.029047891872037098,-0.12568888251492574,-0.04758893845737098,0.0020381325031822418,-0.03887517651323995,-0.009138300832113424,-0.029190201893070932,0.002769560901002321,0.010586195050853746
0,0,0.01,,0,momentum,10,0.1,0,4.1187862044421866e-06,0.0028701171420143067,0.08284564441334703,0.14006697880029487,1,0.08284564441334703,0.14006697880029487,1,False,0.14006697880029487,False,False,forward_budget,False,251,500,250,250,2.2238922500109766,0.010337541985791177,2.2342297919967677,12,26.44181449323884,0.02299990478063466,-0.06525218984748708,0.034411035689287786,0.05341492717092529,-0.1456929133880924,-0.06950369129080959,0.004550619402136273,-0.039559732386042414,0.00997093267335581,-0.057047333720553706,0.018831505964275918,0.04310648749327417
0,0,0.01,,0,adam,10,0.1,0,1.7809982924678892e-09,5.9682464635232506e-05,0.015570600704743184,0.02163765413018072,1,0.015570600704743184,0.02163765413018072,1,False,0.02163765413018072,False,False,forward_budget,False,251,500,250,250,2.5227639579970855,0.010337541985791177,2.5331014999828767,12,26.44181449323884,0.014985098541306864,0.0017704087550164268,0.015525628875531427,-0.0040118441007436605,-0.007647132670227952,-0.009628040216364644,-0.0047116502412854885,-0.002997909982473124,-0.009112348238917762,0.011919081156259208,0.00914641149330572,0.0023850012989695096
0,0,0.01,,0,gn,11,0.1,1,3.797609391235022e-25,8.715055239337295e-13,1.1211767063164564e-10,1.6725458084482225e-10,-1,1.1211767063164564e-10,1.6725458084482225e-10,-1,False,1.6725458084482225e-10,True,True,gradient_tolerance,True,11,21,11,11,0.10295579102239572,0.010337541985791177,0.11329333300818689,12,26.44181449323884,0.0032969212906235703,0.005320568783562997,-0.008704108028192927,0.007287485509335975,0.005625934440357945,-0.01200961390595481,0.006423827534163231,0.010517164462385107,-0.005280041165286515,0.00016225480289187188,0.00048407892557592914,0.0044850011705739904
0,0,0.01,,0,lm,11,0.1,1,1.3032022315486268e-24,1.6144362678957797e-12,1.6965398421147291e-10,2.2801564629471027e-10,-1,1.6965398421147291e-10,2.2801564629471027e-10,-1,False,2.2801564629471027e-10,True,True,gradient_tolerance,True,11,21,11,11,0.09946612501516938,0.010337541985791177,0.10980366700096056,12,26.44181449323884,0.003296921314776326,0.005320568844324062,-0.008704107976693064,0.0072874853818499915,0.005625934641292494,-0.012009613970727081,0.006423827600096778,0.010517164489185594,-0.005280041002519358,0.0001622547805090576,0.00048407890807581266,0.004485001167182141
0,0,0.01,,0,trf,11,0.1,1,3.797605475413838e-25,8.715050746167618e-13,1.1211751108150872e-10,1.6725439089260163e-10,-1,1.1211751108150872e-10,1.6725439089260163e-10,-1,False,1.6725439089260163e-10,True,True,gradient_tolerance,True,,21,11,1,0.20760595798492432,0.010337541985791177,0.2179434999707155,12,26.44181449323884,0.003296921290623311,0.005320568783562807,-0.00870410802819302,0.007287485509336001,0.005625934440358386,-0.012009613905954791,0.006423827534163382,0.010517164462385091,-0.005280041165286428,0.00016225480289177685,0.0004840789255759968,0.004485001170573849
0,0,0.01,,0,gd,11,0.1,1,3.0396335920014503e-07,0.000779696555334375,0.061415093280998555,0.10038811407896693,-1,0.061415093280998555,0.10038811407896693,-1,False,0.0858131429539629,False,False,forward_budget,False,251,500,250,250,1.9386022500111721,0.010337541985791177,1.9489397919969633,12,26.44181449323884,0.01354248165851181,0.0744340631904444,0.012500871923808157,-0.09310062851646492,0.04737569683848431,-0.03620619001431741,0.002764624111116114,-0.003737698117281691,-0.007512875691094155,-0.04078960882093156,0.033033823925701075,-0.00010918865837971953
0,0,0.01,,0,momentum,11,0.1,1,4.743339260128659e-06,0.003080045213995619,0.07453128661139777,0.10944841346948364,-1,0.07453128661139777,0.10944841346948364,-1,False,0.09487344234447961,False,False,forward_budget,False,251,500,250,250,1.728979250008706,0.010337541985791177,1.7393167919944972,12,26.44181449323884,0.009902485320409844,0.08431882542263637,0.025641239462608746,-0.10216092790698163,0.04080388545081956,-0.061285404953706865,0.05016654583442759,-0.013820161206893201,-0.006486883697762869,-0.057789960417719194,0.05447918920772779,-0.009622722109563218
0,0,0.01,,0,adam,11,0.1,1,3.6801602140554702e-09,8.579230984249661e-05,0.02196150381253314,0.03712691182079239,1,0.02196150381253314,0.03712691182079239,1,False,0.03712691182079239,False,False,forward_budget,False,251,500,250,250,2.4630447079834994,0.010337541985791177,2.4733822499692906,12,26.44181449323884,0.0003493238478348454,0.006860321942020983,0.002068786302787535,-0.0444143973832944,-0.00041061058838738146,-0.009866074728987168,-0.007481325356340828,0.00026745659131458135,-0.016907956554840918,0.007268816127141852,0.01934785244606989,0.00020914976853647152
0,0,0.01,,0,bfgs,11,0.1,1,1.4119223420123628e-17,5.313985965379214e-09,2.4145879802486005e-06,4.074367378350142e-06,-1,2.4145879802486005e-06,4.074367378350142e-06,-1,False,4.074367378350142e-06,False,True,gradient_tolerance,True,209,210,210,210,1.6931856249866541,0.010337541985791177,1.7035231669724453,12,26.44181449323884,0.0032928469169037347,0.005320433366737597,-0.008703970276829552,0.007286678709997602,0.005628159359817227,-0.01201015885282445,0.00642377768598399,0.010517028999992085,-0.005277781887081139,0.00016285369634038896,0.00048420984498116315,0.004485085684568781
0,0,0.01,,0,lm,12,0.1,2,1.2091050668754405e-23,4.917530003722276e-12,8.557808796967292e-10,1.0883598553640406e-09,-1,8.557808796967292e-10,1.0883598553640406e-09,-1,False,1.0883598553640406e-09,True,True,gradient_tolerance,True,10,19,10,10,0.16929762499057688,0.010337541985791177,0.17963516697636805,12,26.44181449323884,0.00329692237264194,0.005320568600057578,-0.008704107438530829,0.0072874855423568,0.005625935642155889,-0.01200961344584746,0.0064238277847465325,0.010517164562590609,-0.005280041573352528,0.0001622555108526762,0.00048407888153320015,0.0044850014850815415
0,0,0.01,,0,trf,12,0.1,2,9.964332243293219e-24,4.464153277676119e-12,7.690243421277053e-10,9.90512680990735e-10,-1,7.690243421277053e-10,9.90512680990735e-10,-1,False,9.90512680990735e-10,True,True,gradient_tolerance,True,,19,10,1,0.23451837501488626,0.010337541985791177,0.24485591700067744,12,26.44181449323884,0.003296922274794766,0.005320568606137603,-0.008704107487058955,0.0072874855308597535,0.00562593549370417,-0.012009613486967323,0.006423827771040632,0.010517164550724318,-0.0052800415485234784,0.00016225543300871703,0.0004840788868853446,0.0044850014659617915
0,0,0.01,,0,gd,12,0.1,2,1.5895791236687796e-07,0.0005638402475291701,0.043236620947926685,0.05863539340514901,1,0.043236620947926685,0.05863539340514901,1,False,0.045787738423078005,False,False,forward_budget,False,251,500,250,250,4.941192666999996,0.010337541985791177,4.951530208985787,12,26.44181449323884,-0.026936957732641778,-0.03981415404532892,0.0313716491985264,0.026913802961701337,0.03661437969171379,0.017766220288118972,0.05221156591411351,-0.007245266007383499,-0.041677004655856525,0.007905200810940465,0.003453804378979746,0.017086669521606097
0,0,0.01,,0,momentum,12,0.1,2,7.265099539181238e-06,0.0038118498236896056,0.06046975632711027,0.1148677174935154,1,0.06046975632711027,0.1148677174935154,1,False,0.10202006251144441,False,False,forward_budget,False,251,500,250,250,3.96681220800383,0.010337541985791177,3.9771497499896213,12,26.44181449323884,-0.028984263327423574,-0.03504744616126627,0.03541706322752289,0.023650867394924273,0.03481218823525674,0.030733024008323482,0.1084438900024799,-0.012243612644862335,-0.04883443772026648,-0.02416753928774042,0.013007867695007495,0.06247606563623016
0,0,0.01,,0,adam,12,0.1,2,2.645416039631263e-09,7.273810610170246e-05,0.03318470059843381,0.04691073676820909,-1,0.03318470059843381,0.04691073676820909,-1,False,0.04683486524619831,False,False,forward_budget,False,251,500,250,250,3.0740600420103874,0.010337541985791177,3.0843975839961786,12,26.44181449323884,0.04353794396191622,-0.04159016815190067,-0.00707653461873128,-0.006553133074487261,0.010588063977197634,-0.006127244235120525,0.013630838843849368,-0.0022956206462015636,0.016761017571723397,0.0041067145392010805,-0.004900931815906047,0.001608540925034383
0,0,0.01,,0,bfgs,12,0.1,2,1.69233275810046e-17,5.817787823735857e-09,2.1866524251798605e-06,3.118899263883715e-06,-1,2.1866524251798605e-06,3.118899263883715e-06,-1,False,3.118899263883715e-06,False,True,gradient_tolerance,True,238,247,247,247,1.5821069169905968,0.010337541985791177,1.592444458976388,12,26.44181449323884,0.003293802385018201,0.005323018551388784,-0.00870404163895682,0.007286656264445232,0.005625852503079731,-0.012010358658720764,0.006423519575596533,0.010516755201072923,-0.005278160077754227,0.00016338265104368386,0.00048430258478259804,0.004485196762762291
0,0,0.01,,0,gn,12,0.1,2,9.964328686663462e-24,4.4641524809673475e-12,7.690243980587841e-10,9.905131580396909e-10,-1,7.690243980587841e-10,9.905131580396909e-10,-1,False,9.905131580396909e-10,True,True,gradient_tolerance,True,10,19,10,10,0.09444779201294295,0.010337541985791177,0.10478533399873413,12,26.44181449323884,0.003296922274795243,0.005320568606137324,-0.008704107487059111,0.007287485530859909,0.005625935493704164,-0.012009613486967519,0.006423827771040432,0.010517164550724276,-0.005280041548523929,0.00016225543300820973,0.0004840788868850667,0.004485001465961661
0,0,0.01,,0,trf,13,0.1,3,3.76564454255763e-22,2.744319421116146e-11,5.966297114940992e-09,1.2909580091556572e-08,-1,5.966297114940992e-09,1.2909580091556572e-08,-1,False,1.2909580091556572e-08,True,True,gradient_tolerance,True,,25,13,1,0.12892675001057796,0.010337541985791177,0.13926429199636914,12,26.44181449323884,0.003296925764610727,0.005320568093391162,-0.008704107581288437,0.007287487751054064,0.005625947497377614,-0.012009613707145012,0.006423828029949251,0.010517164043546653,-0.00528004214910711,0.0001622583112878337,0.0004840792818476871,0.004485001645341863
0,0,0.01,,0,gd,13,0.1,3,4.1093565527644986e-07,0.0009065711833898647,0.05651083851406196,0.07855139697815396,-1,0.05651083851406196,0.07855139697815396,-1,False,0.07855139697815396,False,False,forward_budget,False,251,500,250,250,2.48659108299762,0.010337541985791177,2.4969286249834113,12,26.44181449323884,-0.007990764553989439,-0.06222806027953411,-0.05394045503622172,0.024330035271118076,0.08417733156595147,0.018602833054340122,-0.011973928785492702,0.022818385248653653,0.012018810921448079,-0.009855597546808112,-0.0037422616694261124,-0.009113588615252279
0,0,0.01,,0,momentum,13,0.1,3,3.965487915833926e-06,0.002816198826728655,0.0696007529097041,0.08566128973839521,-1,0.0696007529097041,0.08566128973839521,-1,False,0.08566128973839521,False,False,forward_budget,False,251,500,250,250,1.7218611249991227,0.010337541985791177,1.7321986669849139,12,26.44181449323884,-0.012493412456800336,-0.07466113714442296,-0.0633514293575083,0.04855991218427692,0.09128722432619273,0.03333355788777578,-0.0395862905781461,0.03031199323623188,0.006343199156969081,0.0018775959945141682,0.02414677246124443,0.011504512566421066
0,0,0.01,,0,adam,13,0.1,3,2.9835806371599756e-09,7.72474030263798e-05,0.023838581803969465,0.029146176992289045,-1,0.023838581803969465,0.029146176992289045,-1,False,0.029146176992289045,False,False,forward_budget,False,251,500,250,250,2.0482346250209957,0.010337541985791177,2.058572167006787,12,26.44181449323884,0.03244309827657113,0.02091943953368729,0.014236836941452648,-0.0028510687122328847,0.008715841787571179,-0.009624489140973361,-0.0039243856828089126,-0.0035071850457572273,-0.005792801497228654,0.014163895933621018,0.014738642362380873,-0.0005792522114007645
0,0,0.01,,0,bfgs,13,0.1,3,2.708384290048053e-18,2.3273952350419786e-09,7.059222770177976e-07,1.0433251532437904e-06,1,7.059222770177976e-07,1.0433251532437904e-06,1,False,1.0433251532437904e-06,False,True,gradient_tolerance,True,267,284,284,284,2.1346250000060536,0.010337541985791177,2.1449625419918448,12,26.44181449323884,-0.003296186982215261,-0.00532161194146166,0.008703875697118911,-0.007287479046545915,-0.005625533055010562,0.012009504909904295,-0.006423703191132081,-0.01051701338558186,0.005279868812881679,-0.00016275625270304654,-0.0004841863033068627,-0.004485136089580291
0,0,0.01,,0,gn,13,0.1,3,3.7656449203629975e-22,2.7443195587842892e-11,5.966297469559634e-09,1.290958129371994e-08,-1,5.966297469559634e-09,1.290958129371994e-08,-1,False,1.290958129371994e-08,True,True,gradient_tolerance,True,13,25,13,13,0.17533054100931622,0.010337541985791177,0.1856680829951074,12,26.44181449323884,0.003296925764610362,0.00532056809339069,-0.008704107581288499,0.007287487751053916,0.005625947497378816,-0.012009613707145194,0.0064238280299493515,0.010517164043546709,-0.005280042149106704,0.0001622583112878151,0.00048407928184777716,0.004485001645341645
0,0,0.01,,0,lm,13,0.1,3,3.694503377476453e-22,2.7182727521264136e-11,5.852637571451111e-09,1.2658729918457734e-08,-1,5.852637571451111e-09,1.2658729918457734e-08,-1,False,1.2658729918457734e-08,True,True,gradient_tolerance,True,13,25,13,13,0.18246529198950157,0.010337541985791177,0.19280283397529274,12,26.44181449323884,0.0032969256441875263,0.005320568103261821,-0.008704107606989779,0.0072874877691459375,0.005625947246527441,-0.012009613725626592,0.006423828039410528,0.010517164045360622,-0.005280042068914942,0.0001622583186957284,0.00048407928705720884,0.004485001661588191
0,0,0.01,,0,gd,14,0.1,4,7.555038770994545e-07,0.0012292305537200533,0.06410402619523385,0.098173874204311,1,0.06410402619523385,0.098173874204311,1,False,0.098173874204311,False,False,forward_budget,False,251,500,250,250,3.820173458982026,0.010337541985791177,3.8305110009678174,12,26.44181449323884,0.051174072179692685,-0.0009029638249969786,0.015444335863155828,0.05137528949200627,-0.10379980879210852,0.009976880035019219,-0.015372123910152349,-0.02306983707280617,0.01362863779482269,0.08510114623362432,-0.03472711231803122,0.0254704896100555
0,0,0.01,,0,momentum,14,0.1,4,5.447672637929436e-06,0.0033008097909238685,0.08487606826906799,0.13373352393443624,1,0.08487606826906799,0.13373352393443624,1,False,0.1334090144541418,False,False,forward_budget,False,251,500,250,250,3.9064482919930015,0.010337541985791177,3.9167858339787927,12,26.44181449323884,0.05104118146565196,0.006152589923028495,0.02248145507946041,0.06336591581133673,-0.12529924557073624,-0.0086876665765487,-0.030462831446928063,-0.030464778902286,-0.008486287314208486,0.13357126919428902,-0.04860309352454726,0.0629100244766454
0,0,0.01,,0,adam,14,0.1,4,3.1754774482237743e-10,2.5201100960965077e-05,0.009687867392823546,0.015043017297725801,-1,0.009687867392823546,0.015043017297725801,-1,False,0.015043017297725801,False,True,forward_budget,False,251,500,250,250,4.190748499997426,0.010337541985791177,4.201086041983217,12,26.44181449323884,-0.011746096013443716,-0.0013166804843335125,-0.005203441634808669,0.004673298361545889,-0.0017443038435156193,-0.013214546875245765,0.006520026127862357,0.008652245721542861,0.003152054195269447,-0.0038095725997182683,0.001555581133598647,0.004343972603571943
0,0,0.01,,0,bfgs,14,0.1,4,3.4061091411830858e-18,2.6100226593587596e-09,8.128163540194237e-07,1.3702253247147196e-06,1,8.128163540194237e-07,1.3702253247147196e-06,1,False,1.3702253247147196e-06,False,True,gradient_tolerance,True,218,228,228,228,2.548174249997828,0.010337541985791177,2.5585117919836193,12,26.44181449323884,-0.00329555105895737,-0.005321059256208796,0.008704225019452581,-0.007287422522716317,-0.005625388579069327,0.012009942140196102,-0.006423710460660458,-0.010517065752361592,0.005279479869339251,-0.00016261573953930264,-0.00048404082501297507,-0.004485155148043365
0,0,0.01,,0,gn,14,0.1,4,2.271528492434126e-20,2.1314448115933595e-10,1.987308545353226e-08,3.9467163446237075e-08,1,1.987308545353226e-08,3.9467163446237075e-08,1,False,3.9467163446237075e-08,False,True,gradient_tolerance,True,10,19,10,10,0.17660854099085554,0.010337541985791177,0.18694608297664672,12,26.44181449323884,-0.003296906707847775,-0.0053205767466234,0.008704110136274644,-0.007287502351410421,-0.005625927505553127,0.012009622016096726,-0.006423842516857134,-0.010517157137362565,0.005280001762668425,-0.00016224467689150593,-0.0004840895321947934,-0.00448500611341218
0,0,0.01,,0,lm,14,0.1,4,2.6892407149567727e-20,2.31915532681913e-10,2.0909681288422032e-08,3.86068549984922e-08,1,2.0909681288422032e-08,3.86068549984922e-08,1,False,3.86068549984922e-08,False,True,gradient_tolerance,True,10,19,10,10,0.19963354198262095,0.010337541985791177,0.20997108396841213,12,26.44181449323884,-0.0032969079860030734,-0.005320579495091493,0.008704111239434736,-0.007287504585231203,-0.005625924208720038,0.012009622022908598,-0.006423845762446678,-0.010517156016384225,0.005280002622976873,-0.00016224427451446514,-0.00048409066943985393,-0.0044850071545540025
0,0,0.01,,0,trf,14,0.1,4,2.2715285046108434e-20,2.1314448173062531e-10,1.9873085515246108e-08,3.9467163820069984e-08,1,1.9873085515246108e-08,3.9467163820069984e-08,1,False,3.9467163820069984e-08,False,True,gradient_tolerance,True,,19,10,1,0.21484333300031722,0.010337541985791177,0.2251808749861084,12,26.44181449323884,-0.0032969067078474886,-0.005320576746622885,0.008704110136274588,-0.007287502351410288,-0.005625927505553138,0.012009622016096726,-0.006423842516856833,-0.01051715713736257,0.005280001762668051,-0.0001622446768911419,-0.0004840895321947829,-0.004485006113412033
0,0,0.01,,0,momentum,15,0.1,5,4.310514962282425e-06,0.0029361590427912534,0.07902038857522027,0.11403339215979537,1,0.07902038857522027,0.11403339215979537,1,False,0.11403339215979537,False,False,forward_budget,False,251,500,250,250,1.6614188330131583,0.010337541985791177,1.6717563749989495,12,26.44181449323884,-0.11733031344407745,-0.022075083528053926,0.016359338431268022,0.060650546210121656,0.05760185817097355,0.027348185331734377,-0.027033656295634884,-0.0031942196810564403,0.05858533226430114,-0.022996983300888493,-0.05923677322308865,-0.0822785692589374
0,0,0.01,,0,adam,15,0.1,5,1.4605212784027677e-09,5.404667017315253e-05,0.014669702268447202,0.022202844102101642,-1,0.014669702268447202,0.022202844102101642,-1,False,0.02151609956557432,False,False,forward_budget,False,251,500,250,250,3.5044342920009512,0.010337541985791177,3.5147718339867424,12,26.44181449323884,0.018219178281292235,7.616096804056256e-05,-0.0036540409070703614,0.005422000578588464,0.010504295529552808,0.010193230188285565,-0.004903744065712161,-0.003948433158826342,0.003938548079421911,0.003643610090842671,-0.0035995910214079115,-0.0035700854078400943
0,0,0.01,,0,bfgs,15,0.1,5,7.4103043267296e-18,3.849754362743057e-09,6.932515366271439e-07,1.0237279796910213e-06,-1,6.932515366271439e-07,1.0237279796910213e-06,-1,False,1.0237279796910213e-06,False,True,gradient_tolerance,True,216,220,220,220,5.684888332994888,0.010337541985791177,5.695225874980679,12,26.44181449323884,0.003295897556302394,0.005320500006804628,-0.008704183772266123,0.007287143577882511,0.005626609343385131,-0.012010354251338883,0.006423675156430264,0.010517076817664912,-0.005279545298398301,0.00016258382471363438,0.00048395220171729326,0.0044849259838400605
0,0,0.01,,0,gn,15,0.1,5,2.1779053266032498e-24,2.08705789407158e-12,4.788148584277325e-10,8.648673860411904e-10,1,4.788148584277325e-10,8.648673860411904e-10,1,False,8.648673860411904e-10,True,True,gradient_tolerance,True,11,21,11,11,0.11806116599473171,0.010337541985791177,0.12839870798052289,12,26.44181449323884,-0.0032969209125118864,-0.005320568177409739,0.008704108016263132,-0.007287485706839603,-0.0056259354526649085,0.012009614025553369,-0.006423827500782846,-0.010517164363783851,0.0052800408974236,-0.00016225481007887187,-0.00048407885726596073,-0.004485001220606561
0,0,0.01,,0,lm,15,0.1,5,4.9375501110206204e-23,9.937353884229565e-12,2.003587937332013e-09,4.413311316224522e-09,1,2.003587937332013e-09,4.413311316224522e-09,1,False,4.413311316224522e-09,True,True,gradient_tolerance,True,11,21,11,11,0.13553704199148342,0.010337541985791177,0.1458745839772746,12,26.44181449323884,-0.003296921713271833,-0.005320568116739693,0.008704107866896725,-0.007287486396660002,-0.005625939001108839,0.01200961408068067,-0.006423827883186872,-0.01051716442194507,0.0052800403768849535,-0.00016225652782558847,-0.00048407896632959364,-0.004485001591517815
0,0,0.01,,0,trf,15,0.1,5,2.1779043845203672e-24,2.087057442678743e-12,4.788152908084575e-10,8.64868317587697e-10,1,4.788152908084575e-10,8.64868317587697e-10,1,False,8.64868317587697e-10,True,True,gradient_tolerance,True,,21,11,1,0.12996283400570974,0.010337541985791177,0.14030037599150091,12,26.44181449323884,-0.003296920912511971,-0.005320568177409129,0.008704108016263222,-0.007287485706839512,-0.00562593545266584,0.012009614025553587,-0.006423827500783006,-0.01051716436378395,0.005280040897423277,-0.00016225481007891735,-0.0004840788572658985,-0.004485001220606438
0,0,0.01,,0,gd,15,0.1,5,5.732402695581415e-07,0.0010707383149566858,0.06360896625718584,0.10402285524221717,1,0.06360896625718584,0.10402285524221717,1,False,0.10402285524221717,False,False,forward_budget,False,251,500,250,250,2.225943958008429,0.010337541985791177,2.23628149999422,12,26.44181449323884,-0.10731977652649925,-0.02139594740997647,0.00964127631490692,0.049055098831699104,0.04320158663263096,0.00748693824046926,-0.007681620911805536,0.0002308209220311088,0.034934092655713386,-0.011616264188965041,-0.030032970073284013,-0.03730032533543612
0,0,0.01,,0,adam,16,0.1,6,1.523026761480724e-09,5.519106379624738e-05,0.014479715080776386,0.0180191604635433,-1,0.014479715080776386,0.0180191604635433,-1,False,0.0180191604635433,False,False,forward_budget,False,251,500,250,250,2.6407919580233283,0.010337541985791177,2.6511295000091195,12,26.44181449323884,-0.01008422117442713,-0.006806477713819369,-0.01323231451317218,0.0007600935154642017,0.0008492441582695498,0.006009546549727222,0.0063162203114294204,0.001256049087567365,0.009813323381354854,-0.009509077540701112,-0.0089017216001556,-0.0015635253702827045
0,0,0.01,,0,bfgs,16,0.1,6,9.155833510162183e-18,4.279213364664628e-09,1.2467620530056406e-06,1.6752679546641266e-06,-1,1.2467620530056406e-06,1.6752679546641266e-06,-1,False,1.6752679546641266e-06,False,True,gradient_tolerance,True,223,233,233,233,1.6126780420017894,0.010337541985791177,1.6230155839875806,12,26.44181449323884,0.0032979634213950847,0.005318893348353752,-0.008704038848682637,0.007287724205415678,0.005627187928537276,-0.012009425959292417,0.0064240154584951715,0.010517092238587043,-0.005280859296428667,0.00016109184643187883,0.0004842538994190856,0.004484362761017943
0,0,0.01,,0,gn,16,0.1,6,1.0956210187110173e-09,4.681070430384523e-05,0.01345282716164062,0.020467701029511093,-1,0.01345282716164062,0.020467701029511093,-1,False,0.020467701029511093,False,False,gradient_tolerance,True,16,31,16,16,0.16775162500562146,0.010337541985791177,0.17808916699141264,12,26.44181449323884,0.010258188455937813,-0.00044229027318659045,-0.004356655441417617,0.01463586570105011,0.0003188061434489428,0.007491104471780281,0.006209248343824622,-0.00037533262088890754,0.01518765979967922,-0.005143566634236548,-0.009550763570560563,-0.0015041846665082676
0,0,0.01,,0,lm,16,0.1,6,1.0956209763185258e-09,4.6810703398229894e-05,0.013452577611221431,0.020463450761453936,-1,0.013452577611221431,0.020463450761453936,-1,False,0.020463450761453936,False,False,gradient_tolerance,True,17,33,17,17,0.23583604098530486,0.010337541985791177,0.24617358297109604,12,26.44181449323884,0.01025967782101146,-0.00044122059929774276,-0.004357398632845651,0.014639132133717866,0.000319278165932316,0.00749175159279336,0.006209113029998015,-0.0003758997695965387,0.015183409531622066,-0.00514360615209823,-0.009551678400737047,-0.0015044778012583565
0,0,0.01,,0,trf,16,0.1,6,1.0956210187110115e-09,4.681070430384511e-05,0.013452827161640413,0.020467701029511322,-1,0.013452827161640413,0.020467701029511322,-1,False,0.020467701029511322,False,False,gradient_tolerance,True,,31,16,1,0.23674791600205936,0.010337541985791177,0.24708545798785053,12,26.44181449323884,0.010258188455937216,-0.000442290273186735,-0.004356655441417846,0.014635865701048894,0.0003188061434494277,0.007491104471780441,0.006209248343824686,-0.00037533262088881945,0.015187659799679449,-0.005143566634236703,-0.009550763570559942,-0.0015041846665083377
0,0,0.01,,0,gd,16,0.1,6,5.735683960031815e-07,0.001071044719890987,0.07533322198413196,0.09769384653961105,1,0.07533322198413196,0.09769384653961105,1,False,0.09769384653961105,False,False,forward_budget,False,251,500,250,250,1.8893687090021558,0.010337541985791177,1.899706250987947,12,26.44181449323884,-0.10099076782389313,0.04939960099406201,0.014123246037596921,0.08461865191934326,-0.045229169655214285,0.00560178053341097,0.022670183652690024,-0.004730841309603708,0.05167401244212192,-0.054005600340631676,-0.03330184764252295,-0.010798891208410813
0,0,0.01,,0,momentum,16,0.1,6,4.505115896177639e-06,0.0030017048143272315,0.08853112550610176,0.10180094393244243,1,0.08853112550610176,0.10180094393244243,1,False,0.10180094393244243,False,False,forward_budget,False,251,500,250,250,3.6697657910117414,0.010337541985791177,3.6801033329975326,12,26.44181449323884,-0.10435360866533333,0.05073124183482269,0.017341996255583126,0.09451345836994042,-0.054847158239079104,0.010314935799039335,0.0582277319666427,-0.021775440997795402,0.07066457952732132,-0.08393673090983901,-0.05306850176679417,-0.037063356589218596
0,0,0.01,,0,bfgs,17,0.1,7,2.289313516257335e-16,2.1397726590726104e-08,8.85802353031859e-06,1.8569643522076303e-05,-1,8.85802353031859e-06,1.8569643522076303e-05,-1,False,1.8569643522076303e-05,False,True,gradient_tolerance,True,222,232,232,232,1.1633437090204097,0.010337541985791177,1.173681251006201,12,26.44181449323884,0.0032983618084841395,0.005311945670650322,-0.008703590926766707,0.0072861790767291676,0.005644504231319599,-0.01201103889616821,0.0064245291977107375,0.010517498581900174,-0.0052791605552173805,0.000159854342343621,0.00048351374873360927,0.004483557557091603
0,0,0.01,,0,gn,17,0.1,7,5.6334135113681e-17,1.0614531088435418e-08,2.518010629011025e-06,5.421656153806881e-06,1,2.518010629011025e-06,5.421656153806881e-06,1,False,5.421656153806881e-06,False,True,gradient_tolerance,True,13,25,13,13,0.10449629102367908,0.010337541985791177,0.11483383300947025,12,26.44181449323884,-0.0032988951822639184,-0.005320613926601816,0.008703760606193458,-0.007287734915426729,-0.005631356243951329,0.012009034332860028,-0.006423870023024956,-0.01051715982024807,0.005280981064882261,-0.00016365815434658273,-0.00048413271385606407,-0.004485195607630876
0,0,0.01,,0,lm,17,0.1,7,1.248981031751237e-23,4.997961648014592e-12,1.1573295625996155e-09,2.454239858215579e-09,1,1.1573295625996155e-09,2.454239858215579e-09,1,False,2.454239858215579e-09,True,True,gradient_tolerance,True,14,27,14,14,0.13880962500115857,0.010337541985791177,0.14914716698694974,12,26.44181449323884,-0.003296922275748844,-0.0053205686108323,0.008704107877932302,-0.007287485723177717,-0.005625937042037381,0.012009613661270267,-0.006423827482600742,-0.010517164426206331,0.005280041654445028,-0.00016225534015029344,-0.00048407896278072053,-0.004485001279122462
0,0,0.01,,0,trf,17,0.1,7,5.633413512867544e-17,1.0614531089848053e-08,2.5180106290724905e-06,5.421656155089709e-06,1,2.5180106290724905e-06,5.421656155089709e-06,1,False,5.421656155089709e-06,False,True,gradient_tolerance,True,,25,13,1,0.13951979199191555,0.010337541985791177,0.14985733397770673,12,26.44181449323884,-0.003298895182262233,-0.005320613926601796,0.008703760606193375,-0.007287734915426012,-0.005631356243952612,0.01200903433286051,-0.006423870023024718,-0.010517159820247928,0.0052809810648809154,-0.0001636581543468068,-0.00048413271385625017,-0.0044851956076309195
0,0,0.01,,0,gd,17,0.1,7,2.223833550051148e-07,0.0006669083220430149,0.05316895333213278,0.08434933687959188,-1,0.05316895333213278,0.08434933687959188,-1,False,0.07775549431102773,False,False,forward_budget,False,251,500,250,250,1.5888839999970514,0.010337541985791177,1.5992215419828426,12,26.44181449323884,-0.0810524155953098,0.03098626231642947,-0.020253282107078427,0.02524794995806736,0.043652232494666515,0.027588036572242913,0.015576678605913743,0.011965826524187631,-0.023468493293031377,0.018795924055236838,-0.030676693638122192,-0.034990248458524546
0,0,0.01,,0,momentum,17,0.1,7,4.68584155286478e-06,0.0030613204839953557,0.06680225337959188,0.09915466844151474,-1,0.06680225337959188,0.09915466844151474,-1,False,0.09018466602846173,False,False,forward_budget,False,251,500,250,250,1.6518169159826357,0.010337541985791177,1.6621544579684269,12,26.44181449323884,-0.08454410707283119,0.032961638583463466,-0.020980575013610305,0.028336371907550076,0.0413665264276373,0.04010182964994239,0.03988576332770725,0.016526187137667372,-0.042340651263049714,0.010667587130229467,-0.058656793068881774,-0.09466966723498824
0,0,0.01,,0,adam,17,0.1,7,2.9590752374853324e-09,7.692951627932327e-05,0.016396562199586576,0.018872917356556135,-1,0.016396562199586576,0.018872917356556135,-1,False,0.018872917356556135,False,False,forward_budget,False,251,500,250,250,1.5754802500014193,0.010337541985791177,1.5858177919872105,12,26.44181449323884,-0.0017980167389412534,0.012458965473789522,0.010168809338789248,0.02467703153158302,-0.0066839591159717085,-0.013570781901013702,0.0004539825577155873,0.005348868028932789,0.011999564901714584,-0.0006047271720452346,-0.007451385505824344,0.0009040879703390267
0,0,0.01,,0,gn,18,0.1,8,1.666782326276866e-25,5.773703016742143e-13,5.5471140029627085e-11,8.018754063532363e-11,1,5.5471140029627085e-11,8.018754063532363e-11,1,False,8.018754063532363e-11,True,True,gradient_tolerance,True,13,25,13,13,0.10745783301535994,0.010337541985791177,0.11779537500115111,12,26.44181449323884,-0.003296921238602564,-0.00532056862730165,0.00870410798599187,-0.007287485488909091,-0.005625934574344895,0.012009613930425066,-0.006423827523032339,-0.010517164468958127,0.005280041149644331,-0.00016225470029806628,-0.0004840789167373049,-0.004485001207245449
0,0,0.01,,0,lm,18,0.1,8,2.173526662975249e-25,6.593218732872813e-13,6.394340081667092e-11,9.349876775588406e-11,1,6.394340081667092e-11,9.349876775588406e-11,1,False,9.349876775588406e-11,True,True,gradient_tolerance,True,13,25,13,13,0.10817970798234455,0.010337541985791177,0.11851724996813573,12,26.44181449323884,-0.0032969212308626085,-0.005320568629330112,0.008704107982264465,-0.0072874854779142895,-0.005625934570391215,0.012009613934023505,-0.006423827527887406,-0.010517164471669392,0.005280041136333104,-0.0001622546966669247,-0.0004840789145779592,-0.004485001206367213
0,0,0.01,,0,trf,18,0.1,8,1.6667809400849589e-25,5.773700615870135e-13,5.547118960589175e-11,8.018740619425424e-11,1,5.547118960589175e-11,8.018740619425424e-11,1,False,8.018740619425424e-11,True,True,gradient_tolerance,True,,25,13,1,0.14028412499465048,0.010337541985791177,0.15062166698044166,12,26.44181449323884,-0.0032969212386023453,-0.00532056862730099,0.008704107985991982,-0.007287485488908952,-0.0056259345743445875,0.01200961393042496,-0.006423827523031987,-0.010517164468958135,0.005280041149644465,-0.0001622547002972916,-0.0004840789167373388,-0.004485001207245173
0,0,0.01,,0,gd,18,0.1,8,4.111940438450731e-07,0.0009068561560082978,0.055510498277542994,0.077637954561633,1,0.055510498277542994,0.077637954561633,1,False,0.077637954561633,False,False,forward_budget,False,251,500,250,250,1.4345571669982746,0.010337541985791177,1.4448947089840658,12,26.44181449323884,-0.08093487584591508,-0.05631477596484592,0.0039011993112581787,-0.022524896709831748,-0.020720985921731504,0.07100370962930197,8.951545980591593e-05,9.896535807237157e-05,-0.02587656639617001,-0.045010334991988386,0.0051874017694466205,-0.0028601690858635637
0,0,0.01,,0,momentum,18,0.1,8,5.641741175030297e-06,0.0033590895120643323,0.07192148326809025,0.09147692908522367,1,0.07192148326809025,0.09147692908522367,1,False,0.09147692908522367,False,False,forward_budget,False,251,500,250,250,1.5251660840003751,0.010337541985791177,1.5355036259861663,12,26.44181449323884,-0.088733125040325,-0.06337008331662386,0.00979714201438272,-0.047543704430227714,-0.02987620475450986,0.10348654299903975,-0.008529351024653976,0.016056680330321788,-0.0688825298104456,-0.03888370325374888,-0.026225077856170394,-0.012763731458402507
0,0,0.01,,0,adam,18,0.1,8,1.3680495402944143e-09,5.230773442416359e-05,0.011850279052165682,0.019695149212101908,-1,0.011850279052165682,0.019695149212101908,-1,False,0.01473272396592925,False,False,forward_budget,False,251,500,250,250,1.4268098750035278,0.010337541985791177,1.437147416989319,12,26.44181449323884,0.00021691333872338848,0.007478402699326372,-0.006028615948162361,0.0030605675580054796,-0.0016800956179511193,0.0076855352982858295,0.005352770669348684,-0.0006357662671975162,0.011786397043371689,-0.00469169278294518,-0.007459353242055406,-0.0015233914908377507
0,0,0.01,,0,bfgs,18,0.1,8,6.298685972327871e-18,3.549277665195517e-09,4.3356904343577834e-07,6.97786637352503e-07,-1,4.3356904343577834e-07,6.97786637352503e-07,-1,False,6.97786637352503e-07,False,True,gradient_tolerance,True,236,241,241,241,1.1065689169918187,0.010337541985791177,1.1169064589776099,12,26.44181449323884,0.0032976190709194373,0.005320678619726685,-0.008704053628310487,0.0072874507343303595,0.005625665590830967,-0.012009558117322457,0.006423513050084695,0.010517386951419114,-0.005280355062458828,0.00016209937561814254,0.00048403659123848577,0.004484662245410078
0,0,0.01,,0,lm,19,0.1,9,1.0894494095324765e-25,4.667867627798535e-13,6.476532990087858e-11,1.1107972961582613e-10,-1,6.476532990087858e-11,1.1107972961582613e-10,-1,False,1.1107972961582613e-10,True,True,gradient_tolerance,True,14,27,14,14,0.10876933301915415,0.010337541985791177,0.11910687500494532,12,26.44181449323884,0.003296921244765993,0.005320568542593987,-0.008704108018408327,0.007287485562696934,0.005625934698877252,-0.012009613908615015,0.006423827474608735,0.01051716443989091,-0.005280041203806909,0.00016225469947265888,0.0004840789176631124,0.0044850012188691855
0,0,0.01,,0,trf,19,0.1,9,2.153307940845335e-26,2.0752387529367964e-13,4.231562571265559e-11,8.72407111829343e-11,-1,4.231562571265559e-11,8.72407111829343e-11,-1,False,8.72407111829343e-11,True,True,gradient_tolerance,True,,27,14,1,0.1317391670017969,0.010337541985791177,0.14207670898758806,12,26.44181449323884,0.0032969213152271837,0.005320568590089568,-0.008704108014490253,0.007287485546690437,0.005625934675038234,-0.01200961391651649,0.006423827485720066,0.0105171644507671,-0.005280041224061755,0.00016225471991816747,0.0004840789283244681,0.004485001211038447
0,0,0.01,,0,gd,19,0.1,9,2.8977289413393565e-07,0.000761279047569202,0.06683462329661576,0.09703258288198537,1,0.06683462329661576,0.09703258288198537,1,False,0.09703258288198537,False,False,forward_budget,False,251,500,250,250,1.4623565830115695,0.010337541985791177,1.4726941249973606,12,26.44181449323884,0.058139092454161066,-0.10235315149829378,0.021737652918558822,-0.016843590173843497,-0.04874593714739942,-0.05975171086025444,0.019348102554284628,-0.018662144181979035,0.016164991849269117,-0.010032815276865004,0.011877798335574882,0.0023155562469342823
0,0,0.01,,0,momentum,19,0.1,9,3.294475645476064e-06,0.0025668952629494114,0.07592760836066437,0.10391971437615279,1,0.07592760836066437,0.10391971437615279,1,False,0.10391971437615279,False,False,forward_budget,False,251,500,250,250,1.4877918749989476,0.010337541985791177,1.4981294169847388,12,26.44181449323884,0.05808139052044593,-0.1092402829924612,0.023216459942326587,-0.006914910506904819,-0.04820366417736535,-0.08553799934170761,0.016068953342723277,-0.03562687051647814,0.03288443443112086,-0.006901187625158357,0.05152243573964461,-0.00546435618296714
0,0,0.01,,0,adam,19,0.1,9,1.9747670420875613e-09,6.284531871329099e-05,0.01690017732894276,0.022543683551685463,1,0.01690017732894276,0.022543683551685463,1,False,0.022543683551685463,False,False,forward_budget,False,251,500,250,250,1.657114833011292,0.010337541985791177,1.667452374997083,12,26.44181449323884,0.006616005956210532,-0.0005343054291737175,0.003178479478071708,-0.028234191728099156,-0.0005622992193570359,-0.010534069637869386,-0.004380133962543268,-0.0010362795233525377,-0.014915372757155335,0.003919555688373204,0.016746967539741472,0.001060626706391862
0,0,0.01,,0,bfgs,19,0.1,9,5.8942854289176964e-18,3.433448828486511e-09,5.07129176164005e-07,7.002649878816436e-07,1,5.07129176164005e-07,7.002649878816436e-07,1,False,7.002649878816436e-07,False,True,gradient_tolerance,True,229,236,236,236,1.153787250019377,0.010337541985791177,1.1641247920051683,12,26.44181449323884,-0.003296221019294203,-0.005320777926554345,0.008704124726403932,-0.007287568113189897,-0.005625723653469583,0.01200975487846964,-0.0064232873295548805,-0.010517362351356552,0.005279351991312724,-0.00016222819612903293,-0.0004838378149880777,-0.004484844490175964
0,0,0.01,,0,gn,19,0.1,9,2.1533216590074165e-26,2.0752453633281133e-13,4.231569361548253e-11,8.724153344186192e-11,-1,4.231569361548253e-11,8.724153344186192e-11,-1,False,8.724153344186192e-11,True,True,gradient_tolerance,True,14,27,14,14,0.1539787920191884,0.010337541985791177,0.16431633400497958,12,26.44181449323884,0.003296921315226432,0.005320568590090106,-0.008704108014490185,0.007287485546690107,0.005625934675039056,-0.012009613916516452,0.0064238274857199625,0.0105171644507672,-0.005280041224061364,0.0001622547199186126,0.0004840789283245033,0.004485001211038609
