dataset,method,runs,coeff_successes,wavefront_successes,relative_1pct_successes,strict_successes,total_seconds,selected_initial_id,selected_wavefront_error,selected_coeff_error,selected_intensity_error
完整演示案例,gd,30,0,0,0,0,47.814525122899795,21,0.05205799894674507,0.09205997602969673,0.0026112457743448637
完整演示案例,momentum,30,0,0,0,0,46.13412791499286,29,0.19026677340240672,0.23067206982782112,0.01910656569871807
完整演示案例,adam,30,0,1,0,0,47.549164125928655,29,0.0031419960674392952,0.003791589813405827,9.967091282328625e-05
完整演示案例,bfgs,30,3,3,3,0,13.12908141798107,29,1.4752958852684338e-09,2.109354801937968e-09,1.2180210676227697e-10
完整演示案例,gn,30,3,3,3,3,7.030133045045659,9,1.83314964368015e-12,2.4093289024259543e-12,1.4358450991650695e-13
完整演示案例,lm,30,3,3,3,0,7.051570706884377,9,2.4055360082224283e-09,3.181903079560204e-09,1.0370820582143385e-10
完整演示案例,trf,30,2,2,2,1,7.329487876908388,19,1.5930955814176524e-14,1.9720336474904343e-14,4.159743447172433e-15
中止随机实验的配对子集,gd,20,0,0,0,0,38.40859716699924,9,0.02372425778783084,0.03943683429738537,0.00024171463527239138
中止随机实验的配对子集,momentum,20,0,0,0,0,37.67224150101538,6,0.02996110993340981,0.0355653499208436,0.0005542319687801817
中止随机实验的配对子集,adam,20,0,5,2,0,39.34560741606401,6,2.855031954762803e-06,3.5928660360689917e-06,1.3072824831376608e-08
中止随机实验的配对子集,bfgs,20,2,18,18,0,29.71055583297857,13,7.059222770177976e-07,1.0433251532437904e-06,2.3273952350419786e-09
中止随机实验的配对子集,gn,20,15,18,18,9,2.0644666630832944,19,4.231569361548253e-11,8.724153344186192e-11,2.0752453633281133e-13
中止随机实验的配对子集,lm,20,16,18,18,10,3.066560832899995,8,3.316099089286772e-11,4.788264403032816e-11,2.900974135929197e-13
中止随机实验的配对子集,trf,20,15,18,18,9,2.801725083059864,19,4.231562571265559e-11,8.72407111829343e-11,2.0752387529367964e-13
