method,seconds,engineering_success_rate,median_wavefront_error
gd,0.07030133045045658,0.0,0.2245942757800429
gd,0.14060266090091317,0.0,0.22852749385005142
gd,0.21090399135136975,0.0,0.22961497855591065
gd,0.28120532180182634,0.0,0.23389388387904628
gd,0.35150665225228295,0.0,0.2391800443431484
gd,0.42180798270273956,0.0,0.2460831351065894
gd,0.49210931315319606,0.0,0.2537154836615818
gd,0.5624106436036527,0.0,0.2622427835946083
gd,0.6327119740541093,0.0,0.27213910553380327
gd,0.7030133045045659,0.0,0.28141116869918553
gd,0.7733146349550225,0.0,0.29062138241956204
gd,0.843615965405479,0.0,0.29960016411174956
gd,0.9139172958559356,0.0,0.3090048024085089
gd,0.9842186263063922,0.0,0.311349254048274
gd,1.0545199567568486,0.0,0.31116727159564855
gd,1.1248212872073053,0.0,0.31109831978041913
gd,1.1951226176577618,0.0,0.3111700708749797
gd,1.2654239481082183,0.0,0.3114102514254551
gd,1.335725278558675,0.0,0.31177495055993576
gd,1.4060266090091316,0.0,0.3122630899429989
gd,1.4763279394595883,0.0,0.3129119520061678
gd,1.5466292699100448,0.0,0.31358823615714626
gd,1.6169306003605013,0.0,0.314250483619962
gd,1.687231930810958,0.0,0.314250483619962
gd,1.7575332612614145,0.0,0.314250483619962
gd,1.827834591711871,0.0,0.314250483619962
gd,1.8981359221623277,0.0,0.314250483619962
gd,1.9684372526127842,0.0,0.314250483619962
gd,2.0387385830632407,0.0,0.314250483619962
gd,2.1090399135136972,0.0,0.314250483619962
gd,2.179341243964154,0.0,0.314250483619962
gd,2.2496425744146107,0.0,0.314250483619962
gd,2.319943904865067,0.0,0.314250483619962
gd,2.3902452353155237,0.0,0.314250483619962
gd,2.46054656576598,0.0,0.314250483619962
gd,2.530847896216437,0.0,0.314250483619962
gd,2.6011492266668936,0.0,0.314250483619962
gd,2.67145055711735,0.0,0.314250483619962
gd,2.7417518875678066,0.0,0.314250483619962
gd,2.812053218018263,0.0,0.314250483619962
gd,2.88235454846872,0.0,0.314250483619962
gd,2.9526558789191766,0.0,0.314250483619962
gd,3.022957209369633,0.0,0.314250483619962
gd,3.0932585398200896,0.0,0.314250483619962
gd,3.163559870270546,0.0,0.314250483619962
gd,3.2338612007210026,0.0,0.314250483619962
gd,3.3041625311714595,0.0,0.314250483619962
gd,3.374463861621916,0.0,0.314250483619962
gd,3.4447651920723725,0.0,0.314250483619962
gd,3.515066522522829,0.0,0.314250483619962
gd,3.5853678529732855,0.0,0.314250483619962
gd,3.6556691834237425,0.0,0.314250483619962
gd,3.725970513874199,0.0,0.314250483619962
gd,3.7962718443246555,0.0,0.314250483619962
gd,3.866573174775112,0.0,0.314250483619962
gd,3.9368745052255685,0.0,0.314250483619962
gd,4.007175835676025,0.0,0.314250483619962
gd,4.077477166126482,0.0,0.314250483619962
gd,4.147778496576938,0.0,0.314250483619962
gd,4.218079827027395,0.0,0.314250483619962
gd,4.288381157477852,0.0,0.314250483619962
gd,4.358682487928308,0.0,0.314250483619962
gd,4.428983818378765,0.0,0.314250483619962
gd,4.499285148829221,0.0,0.314250483619962
gd,4.569586479279678,0.0,0.314250483619962
gd,4.639887809730135,0.0,0.314250483619962
gd,4.710189140180591,0.0,0.314250483619962
gd,4.780490470631048,0.0,0.314250483619962
gd,4.850791801081504,0.0,0.314250483619962
gd,4.921093131531961,0.0,0.314250483619962
gd,4.991394461982418,0.0,0.314250483619962
gd,5.061695792432874,0.0,0.314250483619962
gd,5.131997122883331,0.0,0.314250483619962
gd,5.202298453333787,0.0,0.314250483619962
gd,5.272599783784244,0.0,0.314250483619962
gd,5.342901114234701,0.0,0.314250483619962
gd,5.413202444685157,0.0,0.314250483619962
gd,5.483503775135614,0.0,0.314250483619962
gd,5.55380510558607,0.0,0.314250483619962
gd,5.624106436036527,0.0,0.314250483619962
gd,5.694407766486984,0.0,0.314250483619962
gd,5.76470909693744,0.0,0.314250483619962
gd,5.835010427387897,0.0,0.314250483619962
gd,5.905311757838353,0.0,0.314250483619962
gd,5.97561308828881,0.0,0.314250483619962
gd,6.045914418739266,0.0,0.314250483619962
gd,6.116215749189723,0.0,0.314250483619962
gd,6.18651707964018,0.0,0.314250483619962
gd,6.256818410090636,0.0,0.314250483619962
gd,6.327119740541093,0.0,0.314250483619962
gd,6.397421070991549,0.0,0.314250483619962
gd,6.467722401442006,0.0,0.3141603630934806
gd,6.538023731892463,0.0,0.31508508172893085
gd,6.608325062342919,0.0,0.3158186718990692
gd,6.678626392793376,0.0,0.3158186718990692
gd,6.748927723243832,0.0,0.3158186718990692
gd,6.819229053694289,0.0,0.3158186718990692
gd,6.889530384144746,0.0,0.3158186718990692
gd,6.959831714595202,0.0,0.3158186718990692
gd,7.030133045045659,0.0,0.3158186718990692
momentum,0.07030133045045658,0.0,0.23888182825047505
momentum,0.14060266090091317,0.0,0.23904095914600065
momentum,0.21090399135136975,0.0,0.23996550493042754
momentum,0.28120532180182634,0.0,0.2423689464100012
momentum,0.35150665225228295,0.0,0.24024538563467204
momentum,0.42180798270273956,0.0,0.2365627282401207
momentum,0.49210931315319606,0.0,0.2326784588265597
momentum,0.5624106436036527,0.0,0.23018659786852932
momentum,0.6327119740541093,0.0,0.22750718196708447
momentum,0.7030133045045659,0.0,0.2252044591592444
momentum,0.7733146349550225,0.0,0.22417862446795891
momentum,0.843615965405479,0.0,0.2240220753535065
momentum,0.9139172958559356,0.0,0.224271175908757
momentum,0.9842186263063922,0.0,0.22473553040182503
momentum,1.0545199567568486,0.0,0.22538511829151311
momentum,1.1248212872073053,0.0,0.22618865848907924
momentum,1.1951226176577618,0.0,0.22696702784858427
momentum,1.2654239481082183,0.0,0.2276745331357458
momentum,1.335725278558675,0.0,0.22841489581792274
momentum,1.4060266090091316,0.0,0.22916498382790723
momentum,1.4763279394595883,0.0,0.22975346966367918
momentum,1.5466292699100448,0.0,0.2298048807437057
momentum,1.6169306003605013,0.0,0.2298048807437057
momentum,1.687231930810958,0.0,0.2298048807437057
momentum,1.7575332612614145,0.0,0.2298048807437057
momentum,1.827834591711871,0.0,0.2298048807437057
momentum,1.8981359221623277,0.0,0.2298048807437057
momentum,1.9684372526127842,0.0,0.2298048807437057
momentum,2.0387385830632407,0.0,0.2298048807437057
momentum,2.1090399135136972,0.0,0.2298048807437057
momentum,2.179341243964154,0.0,0.2298048807437057
momentum,2.2496425744146107,0.0,0.2298048807437057
momentum,2.319943904865067,0.0,0.2298048807437057
momentum,2.3902452353155237,0.0,0.2298048807437057
momentum,2.46054656576598,0.0,0.2298048807437057
momentum,2.530847896216437,0.0,0.2298048807437057
momentum,2.6011492266668936,0.0,0.2298048807437057
momentum,2.67145055711735,0.0,0.2298048807437057
momentum,2.7417518875678066,0.0,0.2298048807437057
momentum,2.812053218018263,0.0,0.2298048807437057
momentum,2.88235454846872,0.0,0.2298048807437057
momentum,2.9526558789191766,0.0,0.2298048807437057
momentum,3.022957209369633,0.0,0.2298048807437057
momentum,3.0932585398200896,0.0,0.2298048807437057
momentum,3.163559870270546,0.0,0.2298048807437057
momentum,3.2338612007210026,0.0,0.2298048807437057
momentum,3.3041625311714595,0.0,0.2298048807437057
momentum,3.374463861621916,0.0,0.2298048807437057
momentum,3.4447651920723725,0.0,0.2298048807437057
momentum,3.515066522522829,0.0,0.2298048807437057
momentum,3.5853678529732855,0.0,0.2298048807437057
momentum,3.6556691834237425,0.0,0.2298048807437057
momentum,3.725970513874199,0.0,0.2298048807437057
momentum,3.7962718443246555,0.0,0.2298048807437057
momentum,3.866573174775112,0.0,0.2298048807437057
momentum,3.9368745052255685,0.0,0.2298048807437057
momentum,4.007175835676025,0.0,0.2298048807437057
momentum,4.077477166126482,0.0,0.2298048807437057
momentum,4.147778496576938,0.0,0.2298048807437057
momentum,4.218079827027395,0.0,0.1939244241923845
momentum,4.288381157477852,0.0,0.19274546457974132
momentum,4.358682487928308,0.0,0.19155770563920757
momentum,4.428983818378765,0.0,0.19054235175121023
momentum,4.499285148829221,0.0,0.1898289598702815
momentum,4.569586479279678,0.0,0.1898289598702815
momentum,4.639887809730135,0.0,0.1898289598702815
momentum,4.710189140180591,0.0,0.1898289598702815
momentum,4.780490470631048,0.0,0.1898289598702815
momentum,4.850791801081504,0.0,0.1898289598702815
momentum,4.921093131531961,0.0,0.1898289598702815
momentum,4.991394461982418,0.0,0.1898289598702815
momentum,5.061695792432874,0.0,0.1898289598702815
momentum,5.131997122883331,0.0,0.1898289598702815
momentum,5.202298453333787,0.0,0.1898289598702815
momentum,5.272599783784244,0.0,0.1898289598702815
momentum,5.342901114234701,0.0,0.1898289598702815
momentum,5.413202444685157,0.0,0.1898289598702815
momentum,5.483503775135614,0.0,0.1898289598702815
momentum,5.55380510558607,0.0,0.1898289598702815
momentum,5.624106436036527,0.0,0.1898289598702815
momentum,5.694407766486984,0.0,0.1898289598702815
momentum,5.76470909693744,0.0,0.1898289598702815
momentum,5.835010427387897,0.0,0.1898289598702815
momentum,5.905311757838353,0.0,0.1898289598702815
momentum,5.97561308828881,0.0,0.1898289598702815
momentum,6.045914418739266,0.0,0.1898289598702815
momentum,6.116215749189723,0.0,0.1898289598702815
momentum,6.18651707964018,0.0,0.1898289598702815
momentum,6.256818410090636,0.0,0.1898289598702815
momentum,6.327119740541093,0.0,0.1898289598702815
momentum,6.397421070991549,0.0,0.1898289598702815
momentum,6.467722401442006,0.0,0.1898289598702815
momentum,6.538023731892463,0.0,0.1898289598702815
momentum,6.608325062342919,0.0,0.1898289598702815
momentum,6.678626392793376,0.0,0.1898289598702815
momentum,6.748927723243832,0.0,0.1898289598702815
momentum,6.819229053694289,0.0,0.1898289598702815
momentum,6.889530384144746,0.0,0.1898289598702815
momentum,6.959831714595202,0.0,0.1898289598702815
momentum,7.030133045045659,0.0,0.1898289598702815
adam,0.07030133045045658,0.0,0.23527704683580067
adam,0.14060266090091317,0.0,0.2600826882298999
adam,0.21090399135136975,0.0,0.2848189618212629
adam,0.28120532180182634,0.0,0.30110995074060926
adam,0.35150665225228295,0.0,0.29913141603750776
adam,0.42180798270273956,0.0,0.3025658695835696
adam,0.49210931315319606,0.0,0.3057593297726777
adam,0.5624106436036527,0.0,0.30540358888998376
adam,0.6327119740541093,0.0,0.3043465909845197
adam,0.7030133045045659,0.0,0.30563625466136346
adam,0.7733146349550225,0.0,0.30931615064103196
adam,0.843615965405479,0.0,0.31464658102287413
adam,0.9139172958559356,0.0,0.3227077887616383
adam,0.9842186263063922,0.0,0.3336670406641069
adam,1.0545199567568486,0.0,0.3467871257401061
adam,1.1248212872073053,0.0,0.36478083637879755
adam,1.1951226176577618,0.0,0.3838818238492693
adam,1.2654239481082183,0.0,0.40511155283553396
adam,1.335725278558675,0.0,0.4219666418563412
adam,1.4060266090091316,0.0,0.43420815942358293
adam,1.4763279394595883,0.0,0.43991486230331295
adam,1.5466292699100448,0.0,0.44406825488729224
adam,1.6169306003605013,0.0,0.44427929556305157
adam,1.687231930810958,0.0,0.44427929556305157
adam,1.7575332612614145,0.0,0.44427929556305157
adam,1.827834591711871,0.0,0.44427929556305157
adam,1.8981359221623277,0.0,0.44427929556305157
adam,1.9684372526127842,0.0,0.44427929556305157
adam,2.0387385830632407,0.0,0.44427929556305157
adam,2.1090399135136972,0.0,0.44427929556305157
adam,2.179341243964154,0.0,0.44427929556305157
adam,2.2496425744146107,0.0,0.44427929556305157
adam,2.319943904865067,0.0,0.44427929556305157
adam,2.3902452353155237,0.0,0.44427929556305157
adam,2.46054656576598,0.0,0.44427929556305157
adam,2.530847896216437,0.0,0.44427929556305157
adam,2.6011492266668936,0.0,0.44427929556305157
adam,2.67145055711735,0.0,0.44427929556305157
adam,2.7417518875678066,0.0,0.44427929556305157
adam,2.812053218018263,0.0,0.44427929556305157
adam,2.88235454846872,0.0,0.44427929556305157
adam,2.9526558789191766,0.0,0.44406782868563266
adam,3.022957209369633,0.0,0.44406782868563266
adam,3.0932585398200896,0.0,0.44406782868563266
adam,3.163559870270546,0.0,0.44406782868563266
adam,3.2338612007210026,0.0,0.44406782868563266
adam,3.3041625311714595,0.0,0.44406782868563266
adam,3.374463861621916,0.0,0.44406782868563266
adam,3.4447651920723725,0.0,0.44406782868563266
adam,3.515066522522829,0.0,0.44406782868563266
adam,3.5853678529732855,0.0,0.44406782868563266
adam,3.6556691834237425,0.0,0.44406782868563266
adam,3.725970513874199,0.0,0.44406782868563266
adam,3.7962718443246555,0.0,0.44406782868563266
adam,3.866573174775112,0.0,0.44406782868563266
adam,3.9368745052255685,0.0,0.44406782868563266
adam,4.007175835676025,0.0,0.44406782868563266
adam,4.077477166126482,0.0,0.44406782868563266
adam,4.147778496576938,0.0,0.44406782868563266
adam,4.218079827027395,0.0,0.44406782868563266
adam,4.288381157477852,0.0,0.44406782868563266
adam,4.358682487928308,0.0,0.44406782868563266
adam,4.428983818378765,0.0,0.44406782868563266
adam,4.499285148829221,0.0,0.44406782868563266
adam,4.569586479279678,0.0,0.44406782868563266
adam,4.639887809730135,0.0,0.44406782868563266
adam,4.710189140180591,0.0,0.44406782868563266
adam,4.780490470631048,0.0,0.44406782868563266
adam,4.850791801081504,0.0,0.44406782868563266
adam,4.921093131531961,0.0,0.44406782868563266
adam,4.991394461982418,0.0,0.44406782868563266
adam,5.061695792432874,0.0,0.44406782868563266
adam,5.131997122883331,0.0,0.44406782868563266
adam,5.202298453333787,0.0,0.44406782868563266
adam,5.272599783784244,0.0,0.44406782868563266
adam,5.342901114234701,0.0,0.44406782868563266
adam,5.413202444685157,0.0,0.44406782868563266
adam,5.483503775135614,0.0,0.44406782868563266
adam,5.55380510558607,0.0,0.44406782868563266
adam,5.624106436036527,0.0,0.44406782868563266
adam,5.694407766486984,0.0,0.44406782868563266
adam,5.76470909693744,0.0,0.44406782868563266
adam,5.835010427387897,0.0,0.44406782868563266
adam,5.905311757838353,0.0,0.44406782868563266
adam,5.97561308828881,0.0,0.44406782868563266
adam,6.045914418739266,0.0,0.44406782868563266
adam,6.116215749189723,0.0,0.44406782868563266
adam,6.18651707964018,0.0,0.44406782868563266
adam,6.256818410090636,0.0,0.44406782868563266
adam,6.327119740541093,0.0,0.44406782868563266
adam,6.397421070991549,0.0,0.44406782868563266
adam,6.467722401442006,0.0,0.44406782868563266
adam,6.538023731892463,0.0,0.44406782868563266
adam,6.608325062342919,0.0,0.44406782868563266
adam,6.678626392793376,0.0,0.44406782868563266
adam,6.748927723243832,0.0,0.44406782868563266
adam,6.819229053694289,0.0,0.44406782868563266
adam,6.889530384144746,0.0,0.44406782868563266
adam,6.959831714595202,0.0,0.44406782868563266
adam,7.030133045045659,0.0,0.44406782868563266
bfgs,0.07030133045045658,0.0,0.24991079168495772
bfgs,0.14060266090091317,0.0,0.27752666695899175
bfgs,0.21090399135136975,0.0,0.3140329496978251
bfgs,0.28120532180182634,0.0,0.3362920238774304
bfgs,0.35150665225228295,0.0,0.3627806884242548
bfgs,0.42180798270273956,0.0,0.36283027888251007
bfgs,0.49210931315319606,0.0,0.36283027293731784
bfgs,0.5624106436036527,0.0,0.36283027293731784
bfgs,0.6327119740541093,0.0,0.36283027293731784
bfgs,0.7030133045045659,0.0,0.36283027293731784
bfgs,0.7733146349550225,0.0,0.36283027293731784
bfgs,0.843615965405479,0.0,0.36283027293731784
bfgs,0.9139172958559356,0.0,0.36283027293731784
bfgs,0.9842186263063922,0.0,0.36283027293731784
bfgs,1.0545199567568486,0.0,0.36283027293731784
bfgs,1.1248212872073053,0.0,0.36283027293731784
bfgs,1.1951226176577618,0.0,0.36283027293731784
bfgs,1.2654239481082183,0.0,0.36283027293731784
bfgs,1.335725278558675,0.0,0.36283027293731784
bfgs,1.4060266090091316,0.0,0.36283027293731784
bfgs,1.4763279394595883,0.0,0.36283027293731784
bfgs,1.5466292699100448,0.0,0.36283027293731784
bfgs,1.6169306003605013,0.0,0.36283027293731784
bfgs,1.687231930810958,0.0,0.36283027293731784
bfgs,1.7575332612614145,0.0,0.36283027293731784
bfgs,1.827834591711871,0.0,0.36283027293731784
bfgs,1.8981359221623277,0.0,0.36283027293731784
bfgs,1.9684372526127842,0.0,0.36283027293731784
bfgs,2.0387385830632407,0.0,0.36283027293731784
bfgs,2.1090399135136972,0.0,0.36283027293731784
bfgs,2.179341243964154,0.0,0.36283027293731784
bfgs,2.2496425744146107,0.0,0.36283027293731784
bfgs,2.319943904865067,0.0,0.36283027293731784
bfgs,2.3902452353155237,0.0,0.36283027293731784
bfgs,2.46054656576598,0.0,0.36283027293731784
bfgs,2.530847896216437,0.0,0.36283027293731784
bfgs,2.6011492266668936,0.0,0.36283027293731784
bfgs,2.67145055711735,0.0,0.36283027293731784
bfgs,2.7417518875678066,0.0,0.36283027293731784
bfgs,2.812053218018263,0.0,0.36283027293731784
bfgs,2.88235454846872,0.0,0.36283027293731784
bfgs,2.9526558789191766,0.0,0.36283027293731784
bfgs,3.022957209369633,0.0,0.36283027293731784
bfgs,3.0932585398200896,0.0,0.36283027293731784
bfgs,3.163559870270546,0.0,0.36283027293731784
bfgs,3.2338612007210026,0.0,0.36283027293731784
bfgs,3.3041625311714595,0.0,0.36283027293731784
bfgs,3.374463861621916,0.0,0.36283027293731784
bfgs,3.4447651920723725,0.0,0.36283027293731784
bfgs,3.515066522522829,0.0,0.36283027293731784
bfgs,3.5853678529732855,0.0,0.36283027293731784
bfgs,3.6556691834237425,0.0,0.06846573193203867
bfgs,3.725970513874199,0.0,0.026481967847934017
bfgs,3.7962718443246555,0.0,0.013573743507504035
bfgs,3.866573174775112,1.0,0.00880054593388867
bfgs,3.9368745052255685,1.0,3.6180354150100667e-06
bfgs,4.007175835676025,1.0,1.7200620149053231e-09
bfgs,4.077477166126482,1.0,1.7200620149053231e-09
bfgs,4.147778496576938,1.0,1.7200620149053231e-09
bfgs,4.218079827027395,1.0,1.7200620149053231e-09
bfgs,4.288381157477852,1.0,1.7200620149053231e-09
bfgs,4.358682487928308,1.0,1.7200620149053231e-09
bfgs,4.428983818378765,1.0,1.7200620149053231e-09
bfgs,4.499285148829221,1.0,1.7200620149053231e-09
bfgs,4.569586479279678,1.0,1.7200620149053231e-09
bfgs,4.639887809730135,1.0,1.7200620149053231e-09
bfgs,4.710189140180591,1.0,1.7200620149053231e-09
bfgs,4.780490470631048,1.0,1.7200620149053231e-09
bfgs,4.850791801081504,1.0,1.7200620149053231e-09
bfgs,4.921093131531961,1.0,1.7200620149053231e-09
bfgs,4.991394461982418,1.0,1.7200620149053231e-09
bfgs,5.061695792432874,1.0,1.7200620149053231e-09
bfgs,5.131997122883331,1.0,1.7200620149053231e-09
bfgs,5.202298453333787,1.0,1.7200620149053231e-09
bfgs,5.272599783784244,1.0,1.7200620149053231e-09
bfgs,5.342901114234701,1.0,1.7200620149053231e-09
bfgs,5.413202444685157,1.0,1.7200620149053231e-09
bfgs,5.483503775135614,1.0,1.7200620149053231e-09
bfgs,5.55380510558607,1.0,1.7200620149053231e-09
bfgs,5.624106436036527,1.0,1.7200620149053231e-09
bfgs,5.694407766486984,1.0,1.7200620149053231e-09
bfgs,5.76470909693744,1.0,1.7200620149053231e-09
bfgs,5.835010427387897,1.0,1.7200620149053231e-09
bfgs,5.905311757838353,1.0,1.7200620149053231e-09
bfgs,5.97561308828881,1.0,1.7200620149053231e-09
bfgs,6.045914418739266,1.0,1.7200620149053231e-09
bfgs,6.116215749189723,1.0,1.7200620149053231e-09
bfgs,6.18651707964018,1.0,1.7200620149053231e-09
bfgs,6.256818410090636,1.0,1.7200620149053231e-09
bfgs,6.327119740541093,1.0,1.7200620149053231e-09
bfgs,6.397421070991549,1.0,1.7200620149053231e-09
bfgs,6.467722401442006,1.0,1.7200620149053231e-09
bfgs,6.538023731892463,1.0,1.7200620149053231e-09
bfgs,6.608325062342919,1.0,1.7200620149053231e-09
bfgs,6.678626392793376,1.0,1.7200620149053231e-09
bfgs,6.748927723243832,1.0,1.7200620149053231e-09
bfgs,6.819229053694289,1.0,1.7200620149053231e-09
bfgs,6.889530384144746,1.0,1.7200620149053231e-09
bfgs,6.959831714595202,1.0,1.7200620149053231e-09
bfgs,7.030133045045659,1.0,1.7200620149053231e-09
gn,0.07030133045045658,0.0,0.34093543558216294
gn,0.14060266090091317,0.0,0.362829412159282
gn,0.21090399135136975,0.0,0.3628302728694095
gn,0.28120532180182634,0.0,0.11501996077278936
gn,0.35150665225228295,0.0,0.11357208344786549
gn,0.42180798270273956,0.0,0.11442211213801132
gn,0.49210931315319606,0.0,0.11453655112306785
gn,0.5624106436036527,0.0,0.11454732671915378
gn,0.6327119740541093,0.0,0.11454830763385296
gn,0.7030133045045659,0.0,0.11454830763385296
gn,0.7733146349550225,0.0,0.11454830763385296
gn,0.843615965405479,0.0,0.11454830763385296
gn,0.9139172958559356,0.0,0.11454830763385296
gn,0.9842186263063922,0.0,0.11454830763385296
gn,1.0545199567568486,0.0,0.11454830763385296
gn,1.1248212872073053,0.0,0.11454830763385296
gn,1.1951226176577618,0.0,0.11454830763385296
gn,1.2654239481082183,0.0,0.11454830763385296
gn,1.335725278558675,0.0,0.11454830763385296
gn,1.4060266090091316,0.0,0.11454830763385296
gn,1.4763279394595883,0.0,0.11454830763385296
gn,1.5466292699100448,0.0,0.11454830763385296
gn,1.6169306003605013,0.0,0.11454830763385296
gn,1.687231930810958,0.0,0.11454830763385296
gn,1.7575332612614145,0.0,0.11454830763385296
gn,1.827834591711871,0.0,0.11454830763385296
gn,1.8981359221623277,0.0,0.11454830763385296
gn,1.9684372526127842,0.0,0.11454830763385296
gn,2.0387385830632407,0.0,0.11454830763385296
gn,2.1090399135136972,0.0,0.11454830763385296
gn,2.179341243964154,0.0,0.11454830763385296
gn,2.2496425744146107,0.0,0.11454830763385296
gn,2.319943904865067,0.0,0.11454830763385296
gn,2.3902452353155237,1.0,1.83314964368015e-12
gn,2.46054656576598,1.0,1.83314964368015e-12
gn,2.530847896216437,1.0,1.83314964368015e-12
gn,2.6011492266668936,1.0,1.83314964368015e-12
gn,2.67145055711735,1.0,1.83314964368015e-12
gn,2.7417518875678066,1.0,1.83314964368015e-12
gn,2.812053218018263,1.0,1.83314964368015e-12
gn,2.88235454846872,1.0,1.83314964368015e-12
gn,2.9526558789191766,1.0,1.83314964368015e-12
gn,3.022957209369633,1.0,1.83314964368015e-12
gn,3.0932585398200896,1.0,1.83314964368015e-12
gn,3.163559870270546,1.0,1.83314964368015e-12
gn,3.2338612007210026,1.0,1.83314964368015e-12
gn,3.3041625311714595,1.0,1.83314964368015e-12
gn,3.374463861621916,1.0,1.83314964368015e-12
gn,3.4447651920723725,1.0,1.83314964368015e-12
gn,3.515066522522829,1.0,1.83314964368015e-12
gn,3.5853678529732855,1.0,1.83314964368015e-12
gn,3.6556691834237425,1.0,1.83314964368015e-12
gn,3.725970513874199,1.0,1.83314964368015e-12
gn,3.7962718443246555,1.0,1.83314964368015e-12
gn,3.866573174775112,1.0,1.83314964368015e-12
gn,3.9368745052255685,1.0,1.83314964368015e-12
gn,4.007175835676025,1.0,1.83314964368015e-12
gn,4.077477166126482,1.0,1.83314964368015e-12
gn,4.147778496576938,1.0,1.83314964368015e-12
gn,4.218079827027395,1.0,1.83314964368015e-12
gn,4.288381157477852,1.0,1.83314964368015e-12
gn,4.358682487928308,1.0,1.83314964368015e-12
gn,4.428983818378765,1.0,1.83314964368015e-12
gn,4.499285148829221,1.0,1.83314964368015e-12
gn,4.569586479279678,1.0,1.83314964368015e-12
gn,4.639887809730135,1.0,1.83314964368015e-12
gn,4.710189140180591,1.0,1.83314964368015e-12
gn,4.780490470631048,1.0,1.83314964368015e-12
gn,4.850791801081504,1.0,1.83314964368015e-12
gn,4.921093131531961,1.0,1.83314964368015e-12
gn,4.991394461982418,1.0,1.83314964368015e-12
gn,5.061695792432874,1.0,1.83314964368015e-12
gn,5.131997122883331,1.0,1.83314964368015e-12
gn,5.202298453333787,1.0,1.83314964368015e-12
gn,5.272599783784244,1.0,1.83314964368015e-12
gn,5.342901114234701,1.0,1.83314964368015e-12
gn,5.413202444685157,1.0,1.83314964368015e-12
gn,5.483503775135614,1.0,1.83314964368015e-12
gn,5.55380510558607,1.0,1.83314964368015e-12
gn,5.624106436036527,1.0,1.83314964368015e-12
gn,5.694407766486984,1.0,1.83314964368015e-12
gn,5.76470909693744,1.0,1.83314964368015e-12
gn,5.835010427387897,1.0,1.83314964368015e-12
gn,5.905311757838353,1.0,1.83314964368015e-12
gn,5.97561308828881,1.0,1.83314964368015e-12
gn,6.045914418739266,1.0,1.83314964368015e-12
gn,6.116215749189723,1.0,1.83314964368015e-12
gn,6.18651707964018,1.0,1.83314964368015e-12
gn,6.256818410090636,1.0,1.83314964368015e-12
gn,6.327119740541093,1.0,1.83314964368015e-12
gn,6.397421070991549,1.0,1.83314964368015e-12
gn,6.467722401442006,1.0,1.83314964368015e-12
gn,6.538023731892463,1.0,1.83314964368015e-12
gn,6.608325062342919,1.0,1.83314964368015e-12
gn,6.678626392793376,1.0,1.83314964368015e-12
gn,6.748927723243832,1.0,1.83314964368015e-12
gn,6.819229053694289,1.0,1.83314964368015e-12
gn,6.889530384144746,1.0,1.83314964368015e-12
gn,6.959831714595202,1.0,1.83314964368015e-12
gn,7.030133045045659,1.0,1.83314964368015e-12
lm,0.07030133045045658,0.0,0.23907081384212878
lm,0.14060266090091317,0.0,0.3344087927751685
lm,0.21090399135136975,0.0,0.4439576190018554
lm,0.28120532180182634,0.0,0.4439742704084495
lm,0.35150665225228295,0.0,0.4439742704084495
lm,0.42180798270273956,0.0,0.4439742704084495
lm,0.49210931315319606,0.0,0.4439742704084495
lm,0.5624106436036527,0.0,0.4439742704084495
lm,0.6327119740541093,0.0,0.4439742704084495
lm,0.7030133045045659,0.0,0.4439742704084495
lm,0.7733146349550225,0.0,0.4439742704084495
lm,0.843615965405479,0.0,0.4439742704084495
lm,0.9139172958559356,0.0,0.4439742704084495
lm,0.9842186263063922,0.0,0.4439742704084495
lm,1.0545199567568486,0.0,0.4439742704084495
lm,1.1248212872073053,0.0,0.4439742704084495
lm,1.1951226176577618,0.0,0.4439742704084495
lm,1.2654239481082183,0.0,0.4439742704084495
lm,1.335725278558675,0.0,0.4439742704084495
lm,1.4060266090091316,0.0,0.4439742704084495
lm,1.4763279394595883,0.0,0.4439742704084495
lm,1.5466292699100448,0.0,0.4439742704084495
lm,1.6169306003605013,0.0,0.4439742704084495
lm,1.687231930810958,0.0,0.4439742704084495
lm,1.7575332612614145,0.0,0.4439742704084495
lm,1.827834591711871,0.0,0.4439742704084495
lm,1.8981359221623277,0.0,0.4439742704084495
lm,1.9684372526127842,0.0,0.4439742704084495
lm,2.0387385830632407,0.0,0.4439742704084495
lm,2.1090399135136972,0.0,0.10490351129894264
lm,2.179341243964154,1.0,2.4055360082224283e-09
lm,2.2496425744146107,1.0,2.4055360082224283e-09
lm,2.319943904865067,1.0,2.4055360082224283e-09
lm,2.3902452353155237,1.0,2.4055360082224283e-09
lm,2.46054656576598,1.0,2.4055360082224283e-09
lm,2.530847896216437,1.0,2.4055360082224283e-09
lm,2.6011492266668936,1.0,2.4055360082224283e-09
lm,2.67145055711735,1.0,2.4055360082224283e-09
lm,2.7417518875678066,1.0,2.4055360082224283e-09
lm,2.812053218018263,1.0,2.4055360082224283e-09
lm,2.88235454846872,1.0,2.4055360082224283e-09
lm,2.9526558789191766,1.0,2.4055360082224283e-09
lm,3.022957209369633,1.0,2.4055360082224283e-09
lm,3.0932585398200896,1.0,2.4055360082224283e-09
lm,3.163559870270546,1.0,2.4055360082224283e-09
lm,3.2338612007210026,1.0,2.4055360082224283e-09
lm,3.3041625311714595,1.0,2.4055360082224283e-09
lm,3.374463861621916,1.0,2.4055360082224283e-09
lm,3.4447651920723725,1.0,2.4055360082224283e-09
lm,3.515066522522829,1.0,2.4055360082224283e-09
lm,3.5853678529732855,1.0,2.4055360082224283e-09
lm,3.6556691834237425,1.0,2.4055360082224283e-09
lm,3.725970513874199,1.0,2.4055360082224283e-09
lm,3.7962718443246555,1.0,2.4055360082224283e-09
lm,3.866573174775112,1.0,2.4055360082224283e-09
lm,3.9368745052255685,1.0,2.4055360082224283e-09
lm,4.007175835676025,1.0,2.4055360082224283e-09
lm,4.077477166126482,1.0,2.4055360082224283e-09
lm,4.147778496576938,1.0,2.4055360082224283e-09
lm,4.218079827027395,1.0,2.4055360082224283e-09
lm,4.288381157477852,1.0,2.4055360082224283e-09
lm,4.358682487928308,1.0,2.4055360082224283e-09
lm,4.428983818378765,1.0,2.4055360082224283e-09
lm,4.499285148829221,1.0,2.4055360082224283e-09
lm,4.569586479279678,1.0,2.4055360082224283e-09
lm,4.639887809730135,1.0,2.4055360082224283e-09
lm,4.710189140180591,1.0,2.4055360082224283e-09
lm,4.780490470631048,1.0,2.4055360082224283e-09
lm,4.850791801081504,1.0,2.4055360082224283e-09
lm,4.921093131531961,1.0,2.4055360082224283e-09
lm,4.991394461982418,1.0,2.4055360082224283e-09
lm,5.061695792432874,1.0,2.4055360082224283e-09
lm,5.131997122883331,1.0,2.4055360082224283e-09
lm,5.202298453333787,1.0,2.4055360082224283e-09
lm,5.272599783784244,1.0,2.4055360082224283e-09
lm,5.342901114234701,1.0,2.4055360082224283e-09
lm,5.413202444685157,1.0,2.4055360082224283e-09
lm,5.483503775135614,1.0,2.4055360082224283e-09
lm,5.55380510558607,1.0,2.4055360082224283e-09
lm,5.624106436036527,1.0,2.4055360082224283e-09
lm,5.694407766486984,1.0,2.4055360082224283e-09
lm,5.76470909693744,1.0,2.4055360082224283e-09
lm,5.835010427387897,1.0,2.4055360082224283e-09
lm,5.905311757838353,1.0,2.4055360082224283e-09
lm,5.97561308828881,1.0,2.4055360082224283e-09
lm,6.045914418739266,1.0,2.4055360082224283e-09
lm,6.116215749189723,1.0,2.4055360082224283e-09
lm,6.18651707964018,1.0,2.4055360082224283e-09
lm,6.256818410090636,1.0,2.4055360082224283e-09
lm,6.327119740541093,1.0,2.4055360082224283e-09
lm,6.397421070991549,1.0,2.4055360082224283e-09
lm,6.467722401442006,1.0,2.4055360082224283e-09
lm,6.538023731892463,1.0,2.4055360082224283e-09
lm,6.608325062342919,1.0,2.4055360082224283e-09
lm,6.678626392793376,1.0,2.4055360082224283e-09
lm,6.748927723243832,1.0,2.4055360082224283e-09
lm,6.819229053694289,1.0,2.4055360082224283e-09
lm,6.889530384144746,1.0,2.4055360082224283e-09
lm,6.959831714595202,1.0,2.4055360082224283e-09
lm,7.030133045045659,1.0,2.4055360082224283e-09
trf,0.07030133045045658,0.0,0.3621021761834674
trf,0.14060266090091317,0.0,0.36283027272139545
trf,0.21090399135136975,0.0,0.3628302727609245
trf,0.28120532180182634,0.0,0.3628302727609245
trf,0.35150665225228295,0.0,0.3628302727609245
trf,0.42180798270273956,0.0,0.3628302727609245
trf,0.49210931315319606,0.0,0.3628302727609245
trf,0.5624106436036527,0.0,0.3628302727609245
trf,0.6327119740541093,0.0,0.3628302727609245
trf,0.7030133045045659,0.0,0.3628302727609245
trf,0.7733146349550225,0.0,0.3628302727609245
trf,0.843615965405479,0.0,0.3628302727609245
trf,0.9139172958559356,0.0,0.3628302727609245
trf,0.9842186263063922,0.0,0.36283027304180077
trf,1.0545199567568486,0.0,0.11958565573338874
trf,1.1248212872073053,0.0,0.11310742660042235
trf,1.1951226176577618,0.0,0.11416597102260201
trf,1.2654239481082183,0.0,0.11449630037701407
trf,1.335725278558675,0.0,0.11454361277757012
trf,1.4060266090091316,0.0,0.11454781789066372
trf,1.4763279394595883,0.0,0.11454830838021932
trf,1.5466292699100448,0.0,0.11454830838021932
trf,1.6169306003605013,0.0,0.11454830838021932
trf,1.687231930810958,0.0,0.11454830838021932
trf,1.7575332612614145,0.0,0.11454830838021932
trf,1.827834591711871,0.0,0.11454830838021932
trf,1.8981359221623277,0.0,0.11454830838021932
trf,1.9684372526127842,0.0,0.11454830838021932
trf,2.0387385830632407,0.0,0.11454830838021932
trf,2.1090399135136972,0.0,0.11454830838021932
trf,2.179341243964154,0.0,0.11454830838021932
trf,2.2496425744146107,0.0,0.11454830838021932
trf,2.319943904865067,0.0,0.11454830838021932
trf,2.3902452353155237,0.0,0.11454830838021932
trf,2.46054656576598,0.0,0.11454830838021932
trf,2.530847896216437,0.0,0.11454830838021932
trf,2.6011492266668936,0.0,0.11454830838021932
trf,2.67145055711735,0.0,0.11454830838021932
trf,2.7417518875678066,0.0,0.11454830838021932
trf,2.812053218018263,0.0,0.11454830838021932
trf,2.88235454846872,0.0,0.11454830838021932
trf,2.9526558789191766,0.0,0.11454830838021932
trf,3.022957209369633,0.0,0.11454830838021932
trf,3.0932585398200896,0.0,0.11454830838021932
trf,3.163559870270546,0.0,0.11454830838021932
trf,3.2338612007210026,0.0,0.11454830838021932
trf,3.3041625311714595,0.0,0.11454830838021932
trf,3.374463861621916,0.0,0.11454830838021932
trf,3.4447651920723725,0.0,0.11454830838021932
trf,3.515066522522829,0.0,0.11454830838021932
trf,3.5853678529732855,0.0,0.11454830838021932
trf,3.6556691834237425,0.0,0.11454830838021932
trf,3.725970513874199,0.0,0.11454830838021932
trf,3.7962718443246555,0.0,0.11454830838021932
trf,3.866573174775112,0.0,0.11454830838021932
trf,3.9368745052255685,0.0,0.11454830838021932
trf,4.007175835676025,0.0,0.11454830838021932
trf,4.077477166126482,0.0,0.11454830838021932
trf,4.147778496576938,0.0,0.11454830838021932
trf,4.218079827027395,0.0,0.11454830838021932
trf,4.288381157477852,0.0,0.11454830838021932
trf,4.358682487928308,0.0,0.11454830838021932
trf,4.428983818378765,0.0,0.11454830838021932
trf,4.499285148829221,0.0,0.11454830838021932
trf,4.569586479279678,0.0,0.010561147562151282
trf,4.639887809730135,1.0,1.5930955814176524e-14
trf,4.710189140180591,1.0,1.5930955814176524e-14
trf,4.780490470631048,1.0,1.5930955814176524e-14
trf,4.850791801081504,1.0,1.5930955814176524e-14
trf,4.921093131531961,1.0,1.5930955814176524e-14
trf,4.991394461982418,1.0,1.5930955814176524e-14
trf,5.061695792432874,1.0,1.5930955814176524e-14
trf,5.131997122883331,1.0,1.5930955814176524e-14
trf,5.202298453333787,1.0,1.5930955814176524e-14
trf,5.272599783784244,1.0,1.5930955814176524e-14
trf,5.342901114234701,1.0,1.5930955814176524e-14
trf,5.413202444685157,1.0,1.5930955814176524e-14
trf,5.483503775135614,1.0,1.5930955814176524e-14
trf,5.55380510558607,1.0,1.5930955814176524e-14
trf,5.624106436036527,1.0,1.5930955814176524e-14
trf,5.694407766486984,1.0,1.5930955814176524e-14
trf,5.76470909693744,1.0,1.5930955814176524e-14
trf,5.835010427387897,1.0,1.5930955814176524e-14
trf,5.905311757838353,1.0,1.5930955814176524e-14
trf,5.97561308828881,1.0,1.5930955814176524e-14
trf,6.045914418739266,1.0,1.5930955814176524e-14
trf,6.116215749189723,1.0,1.5930955814176524e-14
trf,6.18651707964018,1.0,1.5930955814176524e-14
trf,6.256818410090636,1.0,1.5930955814176524e-14
trf,6.327119740541093,1.0,1.5930955814176524e-14
trf,6.397421070991549,1.0,1.5930955814176524e-14
trf,6.467722401442006,1.0,1.5930955814176524e-14
trf,6.538023731892463,1.0,1.5930955814176524e-14
trf,6.608325062342919,1.0,1.5930955814176524e-14
trf,6.678626392793376,1.0,1.5930955814176524e-14
trf,6.748927723243832,1.0,1.5930955814176524e-14
trf,6.819229053694289,1.0,1.5930955814176524e-14
trf,6.889530384144746,1.0,1.5930955814176524e-14
trf,6.959831714595202,1.0,1.5930955814176524e-14
trf,7.030133045045659,1.0,1.5930955814176524e-14
